Filename,Abbreviation,Expansion,Probability
Chem_Senses_2011_Mar_11_36(3)_223-235,1-Oct,1-octanol,0.9515259394
Chem_Senses_2011_Mar_11_36(3)_223-235,1-Oct,1-octanol,0.9857026724
PLoS_ONE_2009_Jun_12_4(6)_e5897,1-Oct,1-octanol,0.9139841312
PLoS_ONE_2009_Jun_12_4(6)_e5897,1-Oct,1-octanol,0.8120687319
PLoS_ONE_2009_Jun_12_4(6)_e5897,1-Oct,1-octanol,0.9761150016
Chem_Senses_2011_Mar_11_36(3)_223-235,3-Oct,3-octanol,0.8982839392
Chem_Senses_2011_Mar_11_36(3)_223-235,3-Oct,3-octanol,0.9929905144
J_Cell_Sci_2014_Jun_15_127(12)_2749-2760,16GS,16 tandem glycine-serine repeats,0.6971791827
BMC_Bioinformatics_2014_Sep_8_15(1)_298,188D,188-dimensional,0.9110309646
PLoS_One_2013_Feb_20_8(2)_e56499,188D,188-dimensional,0.9473175275
PLoS_One_2013_Feb_20_8(2)_e56499,188D,188-dimensional,0.975136708
Allergy_2014_Feb_14_69(2)_208-215,1BV1,Bet v 1,0.5955590644
Biomed_Res_Int_2013_Dec_27_2013_156932,1C1V,1Click1View,0.9742613318
Biomed_Res_Int_2013_Dec_27_2013_156932,1C1V,1Click1View,0.9578495605
Cell_Commun_Signal_2013_Apr_11_11_24,1C1V,1Click1View,0.9578495605
BMJ_Open_2014_Jul_30_4(7)_e005246,1CTP,C-terminal telopeptides of type I collagen,0.5592754321
Arthritis_Res_Ther_2008_Nov_5_10(6)_R128,1CTP,C-terminal telopeptide of type I collagen,0.5592754321
Arthritis_Res_Ther_2008_Nov_5_10(6)_R128,1CTP,C-terminal telopeptide of type I collagen,0.5592754321
Calcif_Tissue_Int_2007_Dec_4_81(6)_421-429,1CTP,1 collagen C-terminal telopeptide,0.5213803965
Ann_Bot_2012_Aug_31_110(3)_573-584,1DAA,1 d after anthesis,0.9016706932
Ann_Bot_2012_Aug_31_110(3)_573-584,1DAA,1 d after anthesis,0.7234197621
Ann_Bot_2012_Aug_31_110(3)_573-584,1DAA,1 d after anthesis,0.7624536465
Eur_J_Soil_Sci_2014_Jul_18_65(4)_573-583,1DAA,1 day after amendment applications,0.5880680629
Clin_Exp_Optom_2014_Sep_2_97(1)_411-417,1DAD,1-DAY ACUVUE DEFINE,0.9885686928
Ann_Bot_2012_Aug_31_110(3)_573-584,1DAP,1 d after pollination,0.8548773198
Ann_Bot_2012_Aug_31_110(3)_573-584,1DAP,1 d after pollination,0.9344695385
PLoS_One_2013_Dec_17_8(12)_e84639,1DCR,1-Depth Citation Relationship,0.9073125794
Nucleic_Acids_Res_2010_Jun_15_38(10)_3149-3158,1DDN,DNA-binding helix-turn-helix diphtheria toxin repressor,0.6196446923
J_Biomed_Biotechnol_2010_Nov_1_2010_927917,1DGE,1-Dimensional Gel Electrophoresis,0.907342082
J_Korean_Med_Sci_2004_Dec_31_19(6)_853-858,1DPC,1 day postconfluence,0.6758305131
PLoS_One_2013_Nov_7_8(11)_e79319,1E1N,1-fold EAA and 1-fold NEAA,0.5028341867
PLoS_One_2013_Nov_7_8(11)_e79319,1E5N,1-fold EAA and 5-fold NEAA,0.644649851
J_Exp_Bot_2012_Oct_1_63(17)_6079-6091,1HRH,1h rehydration,0.9883183549
BMC_Physiol_2014_Jun_19_14_4,1K1C,1-kidney-1 clip,0.9713692662
BMC_Physiol_2014_Jun_19_14_4,1K1C,1-kidney-1-clip,0.9639057502
Curr_Cardiol_Rev_2010_Nov_6(4)_298-308,1K1C,1 kidney 1 clip,0.9407561544
Curr_Cardiol_Rev_2010_Nov_6(4)_298-308,1K1C,1 kidney 1 clip,0.9334402644
Cell_Host_Microbe_2011_Apr_21_9(4)_310-318,1K1N,1 kinetoplast and 1 nucleus,0.8476230139
Nature_2014_Jan_30_505(7485)_681-685,1K1N,1 kinetoplast and 1 nucleus,0.7503257565
Nucleic_Acids_Res_2014_Mar_9_42(5)_2906-2918,1K1N,1 kinetoplast and 1 nucleus,0.745382569
PLoS_One_2011_Nov_2_6(11)_e26508,1K1N,1 kinetoplast and 1 nucleus,0.6420618414
Acta_Pharmacol_Sin_2014_Jun_5_35(6)_758-769,1MAC,1 min of aveolar concentration,0.6545190298
Nat_Chem_Biol_2013_May_3_9(5)_300-306,1MNA,1-methylnicotinamide,0.9857026724
Nat_Chem_Biol_2013_May_3_9(5)_300-306,1MNA,1-methylnicotinamide,0.860068886
Int_J_Med_Sci_2014_Sep_19_11(12)_1234-1239,1MNA,1-methylnicotinamide,0.9832421431
PLoS_One_2013_May_31_8(5)_e65035,1MNT,1-Methylnicotinamide,0.8351684087
J_Foot_Ankle_Res_2012_Mar_20_5_8,1MPJ,1st metatarsophalangeal joint,0.7408699463
PLoS_One_2012_Dec_5_7(12)_e50782,1MRW,1-mile run/walk,0.5631180769
BMC_Pediatr_2010_Nov_2_10_77,1MWT,1-minute walk test,0.986454025
J_Neuroeng_Rehabil_2013_Sep_25_10_101,1MWT,1 minute walking test,0.6155602496
J_Neuroeng_Rehabil_2011_May_23_8_30,1MWT,1-minute Walking Test,0.9749868751
Mol_Microbiol_2008_Nov_25_70(3)_724-745,1N1K,1 nucleus and 1 kinetoplast,0.8476230139
J_Infect_Dis_2012_Jul_15_206(2)_229-237,1N1K,1 nucleus + 1 kinetoplast,0.9146853214
J_Infect_Dis_2012_Jul_15_206(2)_229-237,1N1K,1 nucleus and 1 kinetoplast,0.6621149156
J_Infect_Dis_2012_Jul_15_206(2)_229-237,1N2K,1 nucleus + 2 kinetoplasts,0.9012536853
J_Infect_Dis_2012_Jul_15_206(2)_229-237,1N2K,1 nucleus and 2 kinetoplasts,0.6184993973
PLoS_One_2013_Mar_22_8(3)_e59258,1N2K,1 nucleus and 2 kinetoplasts,0.6617576265
Front_Microbiol_2012_Jun_19_3_219,1N2N,1-Nitroso-2-Naphthol,0.9920856496
Int_J_Environ_Res_Public_Health_2011_Jun_25_8(6)_1792-1804,1NAP,1-naphthol,0.9774485556
Angew_Chem_Int_Ed_Engl_2013_Jun_17_52(25)_6459-6463,1NAT,1-naphthalenethiol,0.8932314549
PLoS_One_2013_May_28_8(5)_e65189,1O2G,1 orange/2 green,0.8402774816
Acta_Naturae_2010_Oct-Dec_2(4)_72-81,1RDE,15-mer thrombin-binding DNA aptamer,0.6183712014
BMC_Res_Notes_2012_Nov_13_5_633,1XBB,1X binding buffer,0.9642531825
Biol_Direct_2007_Jun_28_2_17,2A5C,2-amino-5-chlorobenzoxazole,0.9937110838
BMC_Cancer_2010_Apr_24_10_159,2AAF,2-acetylaminofluorene,0.9808672191
Eur_J_Med_Res_2014_Jun_19_19(Suppl_1)_S6,2AAF,2-acetylaminofluorene,0.9718418011
Comp_Hepatol_2010_Dec_2_9_9,2AAF,2 acetyl aminofluorene,0.9271100333
J_Cell_Mol_Med_2014_Jan_28_18(1)_1-14,2AAF,2-acetylaminofluorene,0.9849105471
PLoS_One_2012_Dec_13_7(12)_e51878,2AAF,2-acetylaminofluorene,0.9575943333
PLoS_One_2013_Aug_26_8(8)_e72298,2AAP,2-aminoacetophenone,0.9837763833
Chem_Cent_J_2014_May_6_8_31,2ABA,2-aminobenzoic acid,0.9945329433
Chem_Cent_J_2014_May_6_8_31,2ABA,2-aminobenzoic acid,0.9945329433
Mar_Drugs_2015_Jan_9_13(1)_312-337,2ACB,2nd generation chitosan beads,0.7838884283
Genome_Announc_2014_Sep_11_2(5)_e00903-14,2AEP,2-aminoethylphosphonate,0.9503954776
J_Nat_Prod_2014_Feb_28_77(2)_243-249,2AEP,2-aminoethylphosphonicacid,0.95885738
J_Nat_Prod_2014_Feb_28_77(2)_243-249,2AEP,2-aminoethylphosphonate,0.9703938375
PLoS_One_2012_Jul_30_7(7)_e42410,2AEP,2-aminoethylphosphonate,0.9365207072
Biomed_Eng_Online_2010_Oct_8_9_58,2AFC,2-Alternative-Forced-Choice,0.9155776726
Biomed_Eng_Online_2010_Oct_8_9_58,2AFC,2-Alternative-Forced-Choice,0.9205095024
Biomed_Eng_Online_2010_Oct_8_9_58,2AFC,2-Alternative-Forced-Choice,0.9493956381
BMC_Neurosci_2013_Jul_8_14(Suppl_1)_P141,2AFC,2 alternate forced choice,0.7558669501
Front_Hum_Neurosci_2014_Sep_12_8_723,2AFC,2-alternative forced-choice,0.9377951173
Front_Psychol_2010_Sep_16_1_154,2AFC,2-alternative forced choice,0.8691290242
Front_Psychol_2014_Dec_3_5_1377,2AFC,2-alternative forced choice,0.96706573
Cereb_Cortex_2013_Apr_5_23(4)_958-966,2AFC,2-alternative forced choice,0.9544645046
Front_Hum_Neurosci_2010_Jan_4_3_74,2AFC,2-alternative forced choice,0.9544645046
Front_Hum_Neurosci_2013_Sep_19_7_508,2AFC,2-alternative forced choice,0.9743021757
Front_Hum_Neurosci_2013_Sep_19_7_508,2AFC,2-alternative forced choice task,0.9892053641
Front_Integr_Neurosci_2012_Sep_11_6_75,2AFC,2-alternative forced-choice,0.9223869438
Front_Integr_Neurosci_2012_Sep_11_6_75,2AFC,2-alternative forced-choice,0.9378005306
Front_Psychol_2014_Nov_25_5_1318,2AFC,2-alternative forced choice,0.9544645046
Front_Psychol_2014_Dec_9_5_1364,2AFC,2-alternative-forced-choice,0.9255040366
Neuropsychologia_2013_Sep_51(11)_2070-2074,2AFC,2-alternative forced choice,0.9924172109
J_Neuroeng_Rehabil_2010_Sep_13_7_44,2AFC,2 alternative forced choice,0.7578087995
Neural_Plast_2007_Jan_1_2007_30585,2AFC,2 temporal alternative forcedchoice,0.7693858744
Open_Neuroimag_J_2009_Aug_18_3_58-63,2AFC,2-alternative-forced-choice,0.9092871614
PLoS_One_2014_Feb_13_9(2)_e88662,2AFC,"2-alternative, forced-choice",0.5891472666
PLoS_Comput_Biol_2012_Oct_25_8(10)_e1002731,2AFC,2-alternative forced choice,0.9800755355
PLoS_One_2013_Apr_18_8(4)_e62106,2AFC,2-alternative forced choice,0.9693184212
PLoS_One_2011_Nov_2_6(11)_e27031,2AFC,2-Alternative-Forced-Choice,0.9652765801
PLoS_One_2013_Oct_4_8(10)_e74815,2AFC,2-alternative forced-choice,0.9415800863
PLoS_One_2013_Oct_4_8(10)_e74815,2AFC,2-alternative forced-choice,0.9689465828
PLoS_One_2011_Mar_23_6(3)_e17859,2AFC,2-alternative forced-choice,0.9377951173
Bioanal_Rev_2012_Mar_17_4(1)_1-30,2APA,2-anilinophenylacetic acid,0.9720307272
BMC_Physiol_2005_Jun_15_5_9,2APB,2-aminoethoxydiphenylborate,0.9037530367
Front_Endocrinol_(Lausanne)_2013_May_10_4_56,2APB,2-aminoethoxydiphenyl borate,0.9378913847
Korean_J_Physiol_Pharmacol_2014_Apr_3_18(2)_89-94,2APB,2-aminoethoxydiphenyl borate,0.9802391584
Int_J_Oncol_2014_Jan_15_44(3)_830-837,2APB,2-aminoethoxydiphenyl borate,0.8791548855
Mol_Pain_2013_Feb_15_9_3,2APB,2-aminoethoxy diphenyl borate,0.9378913847
Korean_J_Physiol_Pharmacol_2012_Feb_28_16(1)_31-36,2APB,2-aminoethoxydiphenyl borate,0.9759687072
Korean_J_Physiol_Pharmacol_2012_Feb_28_16(1)_31-36,2APB,2-aminoethoxydiphenyl borate,0.9672287213
J_Cell_Biol_2005_May_23_169(4)_657-667,2APB,2-aminoethyl diphenylborate,0.9455572021
Korean_J_Physiol_Pharmacol_2015_Jan_31_19(1)_51-57,2APB,2-aminoethoxydiphenyl borate,0.9795385877
J_Gen_Physiol_2003_May_121(5)_441-449,2APB,2-aminoethoxydiphenyl borate,0.9251526983
J_Invest_Dermatol_2012_Sep_24_132(9)_2158-2165,2APB,2-aminoethoxydiphenyl borate,0.9939450257
PLoS_One_2014_Jan_23_9(1)_e86475,2APB,2-Aminoethoxydiphenyl borate,0.9849830383
PLoS_ONE_2009_Apr_8_4(4)_e5106,2APB,2-aminoethoxydiphenyl borate,0.9432624342
PLoS_One_2010_Sep_1_5(9)_e12500,2APB,2-aminoethoxydiphenyl borate,0.976003527
Braz_J_Microbiol_2014_May_19_45(1)_49-58,2BPC,2 strains from sample BPC,0.7260124565
Case_Rep_Radiol_2014_Feb_11_2014_724379,2CDA,2-chlorodeoxyadenosine,0.9182518215
Case_Rep_Dermatol_2013_Aug_28_5(2)_236-243,2CDA,2-chlorodeoxyadenosine,0.9842689065
Calcif_Tissue_Int_2013_Jan_13_92(1)_59-67,2CDM,2 consecutive days each month,0.560877579
Calcif_Tissue_Int_2013_Jan_13_92(1)_59-67,2CDM,2 consecutive days a month,0.7386045458
Clin_Interv_Aging_2008_Jun_3(2)_227-232,2CDM,2 consecutive days a month,0.7386045458
Future_Microbiol_2013_Nov_8(11)_1475-1487,2CMC,2&#x02032;-C-methylcytidine,0.9411404562
Microb_Biotechnol_2009_Mar_18_2(2)_241-252,2CNB,2&#x02010;chloronitrobenzene,0.536165679
BMC_Mol_Biol_2009_Oct_16_10_95,2CPB,2-Cys peroxiredoxin B,0.8523323303
BMC_Mol_Biol_2009_Oct_16_10_95,2CPB,2-Cys peroxiredoxin B,0.9820955775
Br_J_Cancer_2005_May_9_92(9)_1626-1635,2DCI,2-dechloroethylifosfamide,0.955961514
Nat_Commun_2012_3_1125,2DCS,2-Dimensional Combinatorial Screening,0.9678036642
Nat_Commun_2012_3_1125,2DCS,2-Dimensional Combinatorial Screening,0.9678036642
Int_J_Clin_Pract_2007_Aug_61(8)_1283-1293,2DCT,2-Digit Cancellation Test,0.976250142
J_Nanobiotechnology_2012_Aug_2_10_35,2DDG,2-deoxy-D-glucose,0.9836136222
Int_J_Nanomedicine_2014_May_10_9_2271-2285,2DDG,2-D-deoxyglucose,0.9571803316
Nanoscale_Res_Lett_2010_Jun_8_5(9)_1424-1430,2DEG,2D electron gas,0.9009191951
Nanoscale_Res_Lett_2009_Jul_28_4(11)_1315-1318,2DEG,2-dimensional electron gas,0.9750551252
Nanoscale_Res_Lett_2012_Aug_31_7(1)_490,2DEG,2D electron gas,0.9009191951
Biol_Proced_Online_2007_Dec_19_9_65-72,2DFL,2D FHA labeling,0.9859500911
J_Cardiovasc_Magn_Reson_2014_Jan_16_16(Suppl_1)_P306,2DFS,2-dimensional FS,0.8799904641
AIDS_Res_Ther_2010_Jul_6_7_21,2DGE,2D-gel electrophoresis,0.936125505
Aging_(Albany_NY)_2011_Apr_15_3(4)_395-406,2DGE,2 dimensional gel electrophoresis,0.8298736904
Bioinform_Biol_Insights_2008_Feb_1_2_401-412,2DGE,2D gel electrophoresis,0.9459194909
Biomed_Res_Int_2014_Jun_15_2014_903538,2DGE,2-dimensional gel electrophoresis,0.9545305056
F1000_Med_Rep_2010_Dec_8_2_87,2DGE,2D gel electrophoresis,0.9452144733
J_Transl_Med_2005_Mar_22_3_14,2DGE,2-dimensional gel electrophoresis,0.9939570101
J_Transl_Med_2005_Mar_22_3_14,2DGE,2-dimensional gel electrophoresis,0.9762585776
PLoS_One_2011_Jun_15_6(6)_e20534,2DGE,2-dimensional gel electrophoresis,0.9956370323
PLoS_ONE_2007_Jun_20_2(6)_e544,2DGE,2-dimensional gel electrophoresis,0.9762585776
PLoS_One_2011_Oct_18_6(10)_e26444,2DGE,2D&#x02013;gel electrophoresis,0.506536887
PLoS_One_2010_May_5_5(5)_e10484,2DGE,2D-gel electrophoresis,0.8780776388
PLoS_Genet_2012_Oct_18_8(10)_e1002976,2DGE,2-dimensional gel electrophoresis,0.9762385174
PLoS_ONE_2009_Feb_6_4(2)_e4392,2DIV,2 days in vitro,0.5252101185
PLoS_Comput_Biol_2011_Mar_31_7(3)_e1002016,2DIZ,2-directional Z-transformation,0.9417331851
PLoS_One_2010_Mar_8_5(3)_e9568,2DIZ,2-directional Z-transformation,0.8870408935
PLoS_One_2010_Mar_8_5(3)_e9568,2DIZ,2-directional Z-transformation,0.9650810169
BMC_Genomics_2014_Jan_22_15_51,2DMM,2-dimensional methylation beta values matrix,0.9972024188
Arch_Physiol_Biochem_2013_May_18_119(2)_52-64,2DOG,2-deoxy-D-glucose,0.9743069728
Biotechnol_Biofuels_2012_Mar_16_5_14,2DOG,2-DOG,0.7621599587
Biotechnol_Biofuels_2012_Mar_16_5_14,2DOG,2-DOG,0.7621599587
Biotechnol_Biofuels_2012_Mar_16_5_14,2DOG,2-DOG,0.7621599587
Biotechnol_Biofuels_2012_Mar_16_5_14,2DOG,2-DOG,0.7621599587
Diabetes_2013_Jun_17_62(6)_1771-1772,2DOG,2-deoxyglucose,0.9476246002
Diabetes_2013_Jun_17_62(6)_1826-1828,2DOG,2-deoxyglucose,0.9164593037
Diabetes_2013_Jun_17_62(6)_1833-1842,2DOG,2-deoxyglucose,0.9222194322
Diabetes_2013_Jun_17_62(6)_1833-1842,2DOG,2-deoxyglucose,0.916391884
Immunity_2011_Feb_25_34(2)_224-236,2DOG,2-deoxyglucose,0.9110573835
PLoS_One_2010_Dec_16_5(12)_e15230,2DOG,2-deoxyglucose,0.9501498237
BMC_Genomics_2011_May_19_12_248,2DOS,2-deoxystreptamine,0.9156980694
Biomed_Res_Int_2013_Oct_22_2013_401261,2DRT,2D Radiation Therapy,0.9581459164
Biomed_Res_Int_2013_Oct_22_2013_401261,2DRT,2D conventional radiation therapy technique,0.9599479384
BMC_Cancer_2014_Nov_21_14_856,2DRT,2-dimensional RT,0.9558421143
Biomed_Imaging_Interv_J_2006_Jan_1_2(1)_e19,2DRT,2-dimensional radiotherapy,0.9393295703
ISRN_Oncol_2013_Oct_2_2013_729819,2DRT,2-dimensional radiotherapy,0.9679202576
ISRN_Oncol_2013_Oct_2_2013_729819,2DRT,2-dimensional radiotherapy,0.9657019412
ACS_Nano_2009_Aug_25_3(8)_2163-2170,2DSA,2-dimensional spectrum analysis,0.9893721085
ACS_Nano_2009_Aug_25_3(8)_2163-2170,2DSA,2-dimensional spectrum analysis,0.9581255051
J_Gen_Physiol_2014_Feb_143(2)_231-252,2DSA,2D spectral analysis,0.8690714505
PLoS_One_2012_Jun_25_7(6)_e38318,2DSA,2-dimensional spectrum analysis,0.976425676
PLoS_One_2012_Jun_25_7(6)_e38318,2DSA,2-Dimensional Spectrum,0.9794428911
Cardiovasc_Ultrasound_2008_Apr_29_6_17,2DSE,2D strain echocardiography,0.8980226143
Cardiovasc_Ultrasound_2008_Apr_29_6_17,2DSE,2-dimensional strain echocardiography,0.9762161819
J_Transplant_2013_Dec_18_2013_236720,2DSE,2-dimensional strain echocardiography,0.8978566128
ISRN_Pediatr_2012_Jan_24_2012_870549,2DSE,2-dimensional strain echocardiography,0.9527967212
Cardiovasc_Ultrasound_2012_Dec_3_10_48,2DSI,2D speckle tracking imaging,0.9348690863
Cardiovasc_Ultrasound_2012_Dec_3_10_48,2DSI,2D speckle tracking imaging,0.991670181
Cardiovasc_Ultrasound_2012_Dec_3_10_48,2DSI,2D speckle tracking imaging,0.9805891891
J_Cardiovasc_Magn_Reson_2011_Feb_2_13(Suppl_1)_P229,2DSN,2D self-navigation,0.8193865121
Cardiovasc_Ultrasound_2015_Mar_17_13_11,2DST,2D speckle tracking,0.8947210552
Int_J_Med_Sci_2011_Feb_1_8(2)_106-113,2DST,2D Speckle Tracking,0.9917387495
Int_J_Med_Sci_2011_Feb_1_8(2)_106-113,2DST,2D Speckle Tracking,0.907977947
Biol_Proced_Online_2007_Dec_19_9_65-72,2DWB,2D Western blot,0.9350837238
Int_J_Mol_Sci_2010_Oct_13_11(10)_3906-3921,2EHA,2-ethylhexyl acrylate,0.9306817468
Int_J_Mol_Sci_2010_Oct_13_11(10)_3906-3921,2EHA,2-ethylhexyl acrylate,0.9676783141
PLoS_One_2013_Dec_31_8(12)_e84331,2F2B,"2-flash, 2-beep",0.9287136353
PLoS_One_2009_Jul_31_4(7)_e6450,2F2B,2-flash 2-beep,0.9878545468
Front_Oncol_2013_Jan_18_2_212,2FDG,2 fluoro-deoxy-glucose,0.7730866107
Neural_Plast_2007_Dec_11_2007_73079,2FDG,2-fluorodesoxyglucose,0.9492933178
Oncogene_2010_Dec_9_29(49)_6475-6484,2FET,2-sided Fisher's exact tests,0.6879430853
PLoS_One_2013_May_16_8(5)_e63576,2HAT,2 hours after treatment,0.8972148284
BMC_Microbiol_2011_Oct_11_11_227,2HCT,2-hydroxycarboxylate,0.9156980694
Nucleic_Acids_Res_2014_Jul_1_42(Web_Server_issue)_W246-W251,2HCT,2-hydroxycarboxylate transporters,0.9617070142
J_Nat_Prod_2014_Feb_28_77(2)_243-249,2HEP,2-hydroxyethylphosphonate,0.889815208
PLoS_One_2013_Apr_22_8(4)_e61431,2HEX,2-hexanone,0.9887137929
J_Invest_Dermatol_2012_Apr_15_132(4)_1103-1110,2HFN,2&#x02032;-hydroxyflavanone,0.5748369543
Diabetes_2008_Oct_57(10)_2851-2857,2HPG,2 h postchallenge glucose,0.7931082236
Environ_Health_Perspect_2014_Oct_27_122(10)_1088-1094,2HPG,2-hr plasma glucose,0.9068796456
Diabetes_Metab_J_2014_Dec_15_38(6)_480-483,2HPG,2-hour plasma glucose,0.9832538886
Diabetes_Care_2009_Jul_32(7)_1327-1334,2HPG,2-h plasma glucose,0.9903527609
BMC_Physiol_2014_Jun_19_14_4,2K1C,2-kidneys-1 clip,0.977808397
BMC_Physiol_2014_Jun_19_14_4,2K1C,2-kidney-1-clip,0.9826000236
BMC_Pharmacol_2009_Aug_11_9(Suppl_1)_P48,2K1C,2 kidney 1 clip,0.9539915807
Braz_J_Med_Biol_Res_2014_Oct_24_48(1)_65-76,2K1C,"2-kidney, 1-clip",0.9324582473
Braz_J_Med_Biol_Res_2014_Oct_24_48(1)_65-76,2K1C,"2-kidney, 1-clip",0.9470929747
BMC_Cardiovasc_Disord_2012_Jun_8_12_38,2K1C,2-kidney 1-clip,0.9762873422
BMC_Cardiovasc_Disord_2012_Jun_8_12_38,2K1C,2-kidney 1-clip,0.9883494522
BMC_Complement_Altern_Med_2013_Jul_13_13_173,2K1C,"2-kidney, 1-clip",0.8329762154
Int_J_Obes_(Lond)_2014_Mar_16_38(3)_456-465,2K1C,2 kidney 1 clip,0.9536409417
Int_J_Obes_(Lond)_2014_Mar_16_38(3)_456-465,2K1C,2 kidney 1 clip,0.9536409417
PLoS_One_2013_Jul_16_8(7)_e68335,2K1C,2-Kidney 1-Clip,0.9883494522
PLoS_One_2013_Nov_15_8(11)_e80674,2K1C,2-kidney-1-clip-operation,0.9960344804
PLoS_One_2013_Nov_15_8(11)_e80674,2K1C,2-kidney 1-clip,0.9947188661
PLoS_One_2013_May_15_8(5)_e64436,2K1C,2 kidney 1 clip,0.9658651875
PLoS_One_2013_May_15_8(5)_e64436,2K1C,2-kidney-1-clip,0.988035419
Nucleic_Acids_Res_2014_Mar_9_42(5)_2906-2918,2K1N,2 kinetoplasts and 1 nucleus,0.8256458677
PLoS_One_2011_Nov_2_6(11)_e26508,2K1N,2 kinetoplasts and 1 nucleus,0.7260774585
Mediators_Inflamm_2013_Sep_25_2013_432623,2K2C,"2-kidney, 2-clip method",0.9157837706
PLoS_One_2011_Nov_2_6(11)_e26508,2K2N,2 kinetoplasts and 2 nuclei,0.8785847841
PLoS_One_2011_Nov_2_6(11)_e26508,2K2N,2 kinetoplasts and 2 nuclei,0.8785847841
BMC_Microbiol_2012_Jun_29_12_127,2KGA,2-Keto-gluconic acid,0.9231307345
BMC_Microbiol_2012_Jun_29_12_127,2KGA,2-Keto-Gluconic Acid,0.9814345465
J_Biomed_Biotechnol_2010_Aug_12_2010_541698,2KIC,2-ketoisocaproate,0.9156980694
Front_Microbiol_2012_Jun_8_3_196,2KIV,2-ketoisovalerate,0.9554954889
PLoS_One_2012_Sep_11_7(9)_e43725,2KIV,2-ketoisovalerate,0.9266877789
PLoS_One_2012_Sep_11_7(9)_e43725,2KIV,2-ketoisovalerate,0.6690247921
PLoS_One_2012_Sep_11_7(9)_e43725,2KIV,2-ketoisovalerate,0.926567644
mBio_2013_Feb_5_4(1)_e00033-13,2KMV,2-keto-3-methylvalerate,0.7986371024
mBio_2013_Feb_5_4(1)_e00033-13,2KMV,2-keto-3-methylvalerate,0.8797925361
Biotechnol_Biofuels_2014_Oct_21_7_155,2M1B,2-methyl-1-butanol,0.875590332
Biotechnol_Lett_2015_Nov_12_37(3)_705-710,2M2B,2-methyl-2-butanol,0.9980024647
Front_Chem_2014_Aug_26_2_72,2M2P,2-methyl-2-propanol,0.9982608162
PLoS_One_2013_Sep_5_8(9)_e74048,2MB2,2-methylbut-2-enal,0.9748548192
PLoS_One_2013_Sep_5_8(9)_e74048,2MB2,2-methylbut-2-enal,0.9871772179
PLoS_One_2013_Sep_5_8(9)_e74048,2MB2,2-methyl-but-2enal,0.9725974235
PLoS_One_2013_Sep_5_8(9)_e74048,2MB2,2-methyl-but-2enal,0.9797485637
PLoS_One_2013_Sep_5_8(9)_e74048,2MB2,2-methyl-but-2enal,0.9725974235
PLoS_One_2013_Sep_5_8(9)_e74048,2MB2,2-methyl-but-2enal,0.9725974235
PLoS_One_2013_Sep_5_8(9)_e74048,2MB2,2-methyl-but-2enal,0.9725974235
PLoS_One_2013_Sep_5_8(9)_e74048,2MB2,2-methyl-but-2enal,0.9725974235
PLoS_One_2013_Sep_5_8(9)_e74048,2MB2,2-methyl-but-2enal,0.9797485637
PLoS_One_2013_Sep_5_8(9)_e74048,2MB2,2-methyl-but-2enal,0.9725974235
PLoS_One_2013_Sep_5_8(9)_e74048,2MB2,2-methyl-but-2enal,0.9725974235
PLoS_One_2013_Oct_24_8(10)_e78369,2MCD,2-Methylcitrate dehydratase,0.9348209273
Br_J_Cancer_2007_Oct_22_97(8)_1116-1123,2ME2,2-methoxyestradiol,0.6321228302
BMC_Cancer_2008_Jul_23_8_206,2ME2,2-methoxyestradiol,0.6312912323
BMC_Cancer_2008_Jul_23_8_206,2ME2,2-methoxyestradiol,0.9181255712
Breast_Cancer_Res_2004_Mar_18_6(3)_128-132,2ME2,2-methoxyestradiol,0.6672231888
Arthritis_Res_Ther_2008_Sep_12_10(5)_R111,2ME2,2-methoxyestradiol,0.6689463375
Arthritis_Res_Ther_2008_Sep_12_10(5)_R111,2ME2,2-methoxyestradiol,0.5259943349
Arthritis_Res_Ther_2008_Sep_12_10(5)_R111,2ME2,2-methoxyestradiol,0.6261901905
Arthritis_Res_Ther_2008_Sep_12_10(5)_R111,2ME2,2-methoxyestradiol,0.6316688854
Biomed_Res_Int_2014_Aug_6_2014_431524,2ME2,2-Methoxyestradiol,0.5077731555
BMC_Musculoskelet_Disord_2009_May_1_10_46,2ME2,2-methoxyestradiol,0.5077731555
Front_Pharmacol_2011_Jan_20_1_147,2ME2,2-methoxyestradiol,0.6534216652
Cell_J_2011_Aug_24_Summer_13(2)_83-90,2ME2,2-Methoxyestradiol,0.6316688854
Cell_J_2011_Aug_24_Summer_13(2)_83-90,2ME2,2-Methoxystradiol,0.5459977727
Cell_Cycle_2013_Aug_15_12(16)_2643-2655,2ME2,2-Methoxy Estradiol,0.5883347803
Front_Pharmacol_2013_Feb_12_4_13,2ME2,2 methoxyestradiol,0.6233225598
Exp_Ther_Med_2014_Sep_26_8(3)_899-906,2ME2,2-methoxyestradiol,0.6347905438
Exp_Ther_Med_2014_Sep_26_8(3)_899-906,2ME2,2-methoxyestradiol,0.6570813926
Cancer_Gene_Ther_2013_Jan_9_20(1)_10_1038_cgt_2012_75,2ME2,2-methoxyestradiol,0.9108546637
Genetics_2013_Nov_195(3)_757-767,2ME2,2-methoxyestradiol,0.9334956007
Neural_Regen_Res_2013_Nov_5_8(31)_2885-2894,2ME2,2-methoxyestradiol,0.8195265618
J_Med_Life_2013_Jun_15_6(2)_120-125,2ME2,2-Methxyestradiol,0.5077731555
Mol_Cancer_2009_Dec_9_8_117,2ME2,2-methoxyestradiol,0.5077731555
Mol_Cancer_2010_Jul_9_9_182,2ME2,2-methoxyestradiol,0.9334956007
Mol_Cancer_2010_Jul_9_9_182,2ME2,2-methoxyestradiol,0.9334956007
Mol_Cancer_2007_Sep_24_6_59,2ME2,2-methoxyestradiol,0.5077731555
Mol_Cancer_2007_Sep_24_6_59,2ME2,2-methoxyestradiol,0.6826937313
PLoS_One_2009_Sep_3_4(9)_e6896,2ME2,2-methoxyestradiol,0.6570813926
PLoS_One_2009_Sep_3_4(9)_e6896,2ME2,2-methoxyestradiol,0.5077731555
PLoS_One_2013_Sep_5_8(9)_e71935,2ME2,2-methoxyestradiol,0.7725769942
PLoS_One_2013_Jul_18_8(7)_e68949,2ME2,2-Methoxyestradiol,0.5077731555
PLoS_One_2012_Aug_22_7(8)_e43459,2ME2,2-methoxyestradiol,0.7358868479
PLoS_One_2012_Aug_22_7(8)_e43459,2ME2,2-Methoxyestradiol,0.7522989926
PLoS_One_2012_Aug_22_7(8)_e43459,2ME2,2-methoxyestradiol,0.5711169341
PLoS_One_2013_Nov_29_8(11)_e81773,2ME2,2-methoxyestradiol,0.741721845
PLoS_One_2013_May_27_8(5)_e63777,2ME2,2-methoxyestradiol,0.6570813926
PLoS_One_2012_Nov_16_7(11)_e49744,2ME2,2-methoxyestradiol,0.6680864419
Biomaterials_2012_Feb_33(5)_1528-1535,2MNA,2-mercaptonicotinic acid,0.978297069
Biomaterials_2012_Feb_33(5)_1528-1535,2MNA,2-mercaptonicotinic acid,0.9746274022
Biomaterials_2012_Feb_33(5)_1528-1535,2MNA,2-mercaptonicotinic acid,0.9829686906
Biomaterials_2012_Feb_33(5)_1528-1535,2MNA,2-mercaptonicotinic acid,0.970012507
Biomaterials_2012_Feb_33(5)_1528-1535,2MNA,2-mercaptonicotinic acid,0.9726138953
Biomaterials_2012_Feb_33(5)_1528-1535,2MNA,2-Mercaptonicotinic acid,0.9510334311
Biomaterials_2012_Feb_33(5)_1528-1535,2MNA,2-mercaptonicotinic acid,0.978297069
Int_J_Pharm_2012_Nov_15_438(1-2)_217-224,2MNA,2-mercaptonicotinic acid,0.9812990217
Int_J_Pharm_2012_Nov_15_438(1-2)_217-224,2MNA,2-mercaptonicotinic acid,0.9812990217
Int_J_Pharm_2012_Nov_15_438(1-2)_217-224,2MNA,2-mercaptonicotinic acid,0.988304442
Int_J_Pharm_2012_Nov_15_438(1-2)_217-224,2MNA,2-mercaptonicotinic acid,0.988304442
Int_J_Pharm_2012_Nov_15_438(1-2)_217-224,2MNA,2-mercaptonicotinic.acid,0.7682558904
Nucleic_Acids_Res_2008_Aug_26_36(13)_4277-4285,2MRE,2 perfect MREs,0.5868811102
BMC_Cardiovasc_Disord_2013_Apr_16_13_29,2MST,2-minute step test,0.9814468452
BMC_Cardiovasc_Disord_2013_Apr_16_13_29,2MST,2-minute step test,0.9629165702
Behav_Brain_Funct_2013_Oct_30_9_42,2MST,2-minute step test,0.9205707322
Cardiol_Res_Pract_2012_Jun_3_2012_348054,2MST,2-minute step test,0.9205707322
BMC_Geriatr_2008_May_14_8_10,2MWT,2-minute walk test,0.9936352807
Drugs_R_D_2013_Sep_20_13(3)_175-181,2MWT,2-minute walk tests,0.9965115039
J_Cachexia_Sarcopenia_Muscle_2011_Dec_8_2(4)_209-261,2MWT,2-min walk test,0.9910159094
PLoS_One_2011_Nov_1_6(11)_e26794,2NAP,2-naphthol,0.9841287413
PLoS_One_2013_May_28_8(5)_e65189,2O2G,2 orange/2 green,0.9834223818
PLoS_One_2013_Aug_27_8(8)_e72052,2OAA,2-hydroxy-arachidonic acid,0.9723194138
PLoS_One_2013_Aug_27_8(8)_e72052,2OAA,2-hydroxy-arachidonic acid,0.9025933705
BMC_Genomics_2012_Feb_2_13_56,2OGD,2-oxoglutarate decarboxylase,0.9401766753
BMC_Plant_Biol_2014_Oct_18_14_280,2OGD,2-oxoglutarate-dependent dioxygenase,0.9031654168
Front_Plant_Sci_2014_Nov_3_5_549,2OGD,2-oxoglutarate-dependent dioxygenase,0.9768624851
PLoS_Biol_2014_May_20_12(5)_e1001864,2OME,2&#x02032;-O-methyl,0.7886576753
BMC_Biochem_2010_Feb_1_11_9,2OXO,2-oxoisovalerate dehydrogenase,0.9173272358
BMC_Genet_2013_Mar_1_14_14,2P1O,2 parents and 1 offspring,0.7092624438
Mol_Vis_2012_Jul_4_18_1840-1848,2PAF,2-photon autofluorescence signal,0.9641813538
Nat_Methods_2011_Feb_9_8(2)_139-142,2PCI,2-photon calcium imaging,0.9764591575
Nat_Methods_2011_Feb_9_8(2)_139-142,2PCI,2-photon calcium imaging,0.9761870442
Nat_Methods_2011_Feb_9_8(2)_139-142,2PCI,2-photon calcium imaging,0.9530266961
Nat_Methods_2012_Jan_22_9(3)_297-302,2PEF,2-photon excited fluorescence,0.9714070187
Biotechnol_Biofuels_2014_Dec_31_7_493,2PGA,2-phosphoglycerate,0.9888777672
Enzyme_Res_2011_Apr_7_2011_932549,2PGA,D-2-phosphoglycerate,0.626634529
Metabolites_2014_Aug_4_4(3)_612-628,2PGA,2-phospho-D-glycerate,0.8660884714
Metabolites_2013_Feb_4_3(1)_72-100,2PGA,2-phosphoglycerate,0.9568521435
Int_J_Mol_Sci_2008_Jul_14_9(7)_1214-1240,2PGA,D-(+)-2-phosphoglyceric acid,0.8881764381
Metabolites_2014_Apr_22_4(2)_232-247,2PGA,2-phosphoglycerate,0.9470620886
PLoS_One_2014_Jan_24_9(1)_e86073,2PGA,D-2-phosphoglycerate,0.626634529
PLoS_One_2014_Jan_24_9(1)_e86073,2PGA,2-phosphoglycerate,0.9443066838
PLoS_One_2013_Mar_6_8(3)_e58281,2PGA,2-phosphoglycerate,0.9886767869
PLoS_One_2013_Mar_6_8(3)_e58281,2PGA,2-phosphoglycerate,0.9697098431
PLoS_One_2013_Mar_6_8(3)_e58281,2PGA,2-phosphoglycerate,0.9727921187
PLoS_Comput_Biol_2013_Jun_27_9(6)_e1003081,2PGL,2-Phosphoglycolate,0.9156980694
PLoS_One_2012_Jun_4_7(6)_e38366,2PLM,2Photon Laser Microscope,0.9362880017
PLoS_Biol_2009_Sep_15_7(9)_e1000190,2PLP,2-photon laser photoactivation,0.9903572914
Nat_Neurosci_2009_Sep_9_12(9)_1121-1128,2PLU,2-photon laser uncaging of glutamate,0.9850471915
Nat_Neurosci_2009_Sep_9_12(9)_1121-1128,2PLU,2-photon laser uncaging of glutamate,0.9046113336
BMC_Res_Notes_2012_Nov_13_5_633,2XBB,2X Binding Buffer,0.9645554423
Cytoskeleton_(Hoboken)_2013_Aug_19_70(8)_453-470,2XSW,2X ASW,0.8984878016
PLoS_One_2014_Jul_24_9(7)_e102579,2YRB,2-year rodent bioassay,0.9760790549
J_Cell_Biol_1999_Sep_6_146(5)_917-928,3ABA,3-aminobenzamide,0.9544385662
J_Nucleic_Acids_2011_Nov_17_2011_521035,3ABA,3-aminobenzanthrone,0.9794632588
PLoS_One_2012_Dec_18_7(12)_e52263,3ABA,3-aminobenzamide,0.9544470888
Med_Sci_Monit_2014_Dec_24_20_2788-2798,3AFC,3-alternative forced choice task,0.9554771832
PLoS_One_2010_Sep_22_5(9)_e12876,3AFC,3-alternative-forced-choice,0.9031699542
BMC_Neurosci_2008_Dec_3_9(Suppl_2)_S5,3APS,3-amino-1-propanesulfonic acid,0.9058839027
BMC_Dev_Biol_2007_May_19_7_51,3APS,3 aminopropanesulfonic acid,0.6141403896
Brain_Sci_2013_Jun_3_3(2)_877-907,3APS,3 aminopropanesulfonic acid,0.6141403896
Neuropsychiatr_Dis_Treat_2007_Oct_3(5)_569-578,3APS,3-amino-1-propanesulfonic acid,0.8635245898
Int_J_Mol_Sci_2012_Jun_4_13(6)_6757-6771,3ATA,3&#x003b2;-Acethyl Tormentic Acid,0.7035641596
Int_J_Mol_Sci_2012_Jun_4_13(6)_6757-6771,3ATA,3&#x003b2;-acetyl tormentic acid,0.8028360795
Int_J_Mol_Sci_2012_Jun_4_13(6)_6757-6771,3ATA,3&#x003b2;-acetyl tormentic acid,0.8028360795
Int_J_Mol_Sci_2012_Jun_4_13(6)_6757-6771,3ATA,3&#x003b2;-acetyl tormentic acid,0.8048748158
BMC_Plant_Biol_2009_Aug_6_9_106,3CAR,3-carene synthase,0.9544562735
BMC_Plant_Biol_2009_Aug_6_9_106,3CAR,3-carene synthase FLcDNAs,0.9544562735
BMC_Plant_Biol_2009_Aug_6_9_106,3CAR,3-carene synthase,0.989240897
BMC_Plant_Biol_2010_Jun_12_10_106,3CAR,3-carene synthase,0.9939513501
Acta_Crystallogr_Sect_E_Struct_Rep_Online_2014_Jan_18_70(Pt_2)_o154,3CBA,3-chloro&#x000ad;benzoate,0.7309373298
Nucleic_Acids_Res_2014_Aug_18_42(14)_e116,3CBA,3-chlorobenzoate,0.9454682179
PLoS_Genet_2014_Jun_19_10(6)_e1004441,3CBA,3-chlorobenzoate,0.9182158683
PLoS_Genet_2014_Jun_19_10(6)_e1004441,3CBA,3-chlorobenzoate,0.9240863617
PLoS_Genet_2014_Jun_19_10(6)_e1004441,3CBA,3-chlorobenzoate,0.9246940851
PLoS_One_2013_Oct_30_8(10)_e78288,3CBA,3-chlorobenzoate,0.9656690447
PLoS_Genet_2012_Jul_12_8(7)_e1002818,3CBA,3-chlorobenzoate,0.7969662913
PLoS_Genet_2012_Jul_12_8(7)_e1002818,3CBA,3-Chlorobenzoate,0.9123669268
Br_J_Cancer_2002_Mar_18_86(6)_971-978,3CPA,3-chloroprocainamide,0.9104688089
Br_J_Cancer_2002_Mar_18_86(6)_971-978,3CPA,3-chloroprocainamide,0.9860892507
Int_J_Chron_Obstruct_Pulmon_Dis_2014_Sep_23_9_1009-1019,3CRT,3-minute chair rise test,0.7451087273
Int_J_Chron_Obstruct_Pulmon_Dis_2014_Sep_23_9_1009-1019,3CRT,3-minute chair rise test,0.935913119
Front_Hum_Neurosci_2011_Aug_5_5_70,3CVT,3-choice active vigilance task,0.9878794275
Front_Hum_Neurosci_2011_Aug_5_5_70,3CVT,3-choice active vigilance task,0.9959894131
Front_Neurosci_2014_Nov_5_8_342,3CVT,3-Choice Active Vigilance Task,0.9626894423
PLoS_One_2013_Jun_11_8(6)_e65714,3D2C,3D-2-component,0.977985179
Ann_Bot_2012_Aug_31_110(3)_573-584,3DAP,3 d after pollination,0.9109577751
Ann_Bot_2012_Aug_31_110(3)_573-584,3DAP,3 d after pollination,0.9130824547
PLoS_Biol_2008_Aug_12_6(8)_e194,3DAP,3 d after pollination,0.9107474525
Interact_J_Med_Res_2012_Jul_9_1(2)_e2,3DCG,3-dimensional computer graphics,0.963257312
Interact_J_Med_Res_2012_Jul_9_1(2)_e2,3DCG,3-dimensional computer graphics models,0.952091506
Interact_J_Med_Res_2012_Jul_9_1(2)_e2,3DCG,3-dimensional computer graphics,0.9926973187
Interact_J_Med_Res_2012_Jul_9_1(2)_e2,3DCG,3-dimensional computer graphics,0.9882528173
Br_J_Cancer_2005_May_9_92(9)_1626-1635,3DCI,3-dechloroethylifosfamide,0.9929905144
Adv_Orthop_2014_Dec_25_2014_359689,3DCT,3-dimensional computed tomography,0.955945959
Biomed_Eng_Online_2013_May_28_12_48,3DDF,3D deformable fences,0.9625748721
Biomed_Eng_Online_2013_May_28_12_48,3DDF,3D deformable fences method,0.961102687
Nutr_Res_Pract_2015_Feb_5_9(1)_99-105,3DDR,3-day diet record,0.9912676824
Nutr_Res_Pract_2015_Feb_5_9(1)_99-105,3DDR,3-day diet record,0.9827503383
Nutr_Res_Pract_2015_Feb_5_9(1)_99-105,3DDR,3-day diet record,0.9779719922
J_Struct_Biol_2013_Nov_184(2)_173-181,3DEM,3D electron microscopy,0.8339458019
J_Struct_Biol_2013_Nov_184(2)_173-181,3DEM,3D electron microscopy,0.8525663819
J_Comput_Aided_Mol_Des_2014_Jul_26_28(10)_1009-1014,3DEM,3D cryo-Electron Microscopy,0.8849122746
PLoS_Negl_Trop_Dis_2011_Jun_14_5(6)_e1189,3DEX,3D-Epitope-Explorer,0.9845693079
PLoS_Negl_Trop_Dis_2012_Jun_12_6(6)_e1682,3DEX,3D-Epitope-Explorer,0.9569647435
Eur_J_Dent_2014_Jan-Mar_8(1)_132-140,3DFM,3D facial morphometry,0.9706157162
Nat_Commun_2014_Jun_11_5_3984,3DFM,3D Force Microscope,0.929647989
PLoS_ONE_2008_Aug_21_3(8)_e3032,3DFM,3DF matrix,0.8687569027
PLoS_ONE_2008_Aug_21_3(8)_e3032,3DFM,3DF matrix,0.9781288633
PLoS_One_2013_Oct_16_8(10)_e75345,3DFS,3D fibrous scaffold,0.9560023847
PLoS_One_2014_Jul_1_9(7)_e101150,3DHC,3-dimensional Helmholtz coils,0.9972360161
Front_Psychol_2012_Aug_10_3_284,3DIC,3DI City,0.8638736729
Front_Psychol_2012_Aug_10_3_284,3DIC,3DI City,0.8638736729
BMC_Bioinformatics_2010_Oct_29_11_537,3DID,3D Interacting Domains,0.9726743003
Genome_Biol_2006_Dec_21_7(12)_R125,3DID,3D Interacting Domains,0.9726743003
J_Headache_Pain_2014_Dec_3_15(1)_84,3DIR,3D iterative reconstruction,0.9445274181
PLoS_One_2011_Feb_8_6(2)_e16758,3DKM,3D Kohonen maps,0.9339830754
J_Cardiovasc_Magn_Reson_2015_Feb_3_17(Suppl_1)_P41,3DLE,3D late enhancement,0.9916641612
J_Foot_Ankle_Res_2013_Apr_8_6_14,3DMA,3D motion analysis,0.9842166231
Adv_Urol_2013_Dec_29_2013_249080,3DMB,3-dimensional mapping biopsy,0.9518666571
Adv_Urol_2013_Dec_29_2013_249080,3DMB,3-dimensional mapping biopsy,0.955349471
Front_Psychol_2012_Aug_10_3_284,3DNI,3D non-immersive,0.9823463681
J_Neuroeng_Rehabil_2014_Apr_19_11_68,3DOF,3 degrees of freedom,0.6436742194
BMC_Genomics_2009_Jun_24_10_279,3DPA,3 days post anthesis,0.798459396
BioData_Min_2010_Feb_22_3_1,3DPE,3D Phylogeny Explorer,0.8968417176
BMC_Bioinformatics_2007_Jun_20_8_213,3DPE,3D Phylogeny Explorer,0.9172020524
BMC_Bioinformatics_2007_Jun_20_8_213,3DPE,3-Dimensional Phylogeny Explorer,0.9516212098
BMC_Bioinformatics_2007_Jun_20_8_213,3DPE,3D Phylogeny Explorer,0.8968417176
Nucleic_Acids_Res_2011_Jan_10_39(Database_issue)_D807-D814,3DPL,3D protein localization,0.9091162595
J_Tissue_Eng_2011_Sep_5_2011_362326,3DPM,3D Precision Microfabrication system,0.891832358
J_Cardiovasc_Magn_Reson_2014_Jan_16_16(Suppl_1)_O80,3DPR,3D projection reconstruction,0.9039040544
J_Cardiovasc_Magn_Reson_2013_Jan_30_15(Suppl_1)_E65,3DPR,3D projection reconstruction,0.9354057112
Int_J_Epidemiol_2011_Dec_11_40(6)_1461-1468,3DPS,3D photonic scan,0.9185403755
Curr_Cardiovasc_Imaging_Rep_2012_Aug_9_5(6)_481-490,3DRA,3-dimensional rotational angiography,0.9819378382
Comput_Intell_Neurosci_2009_Aug_19_2009_760364,3DRA,3-dimensional rotational angiographic,0.9697113105
J_Cerebrovasc_Endovasc_Neurosurg_2013_Sep_30_15(3)_184-190,3DRA,3D X-ray rotational angiography,0.9898634733
Neuroradiology_2013_Mar_27_55(3)_313-320,3DRA,3D rotational angiography,0.934480701
Neuroradiology_2008_Jan_22_50(1)_53-56,3DRA,3-D rotational angiography,0.9885980714
J_Korean_Neurosurg_Soc_2012_Apr_30_51(4)_222-226,3DRA,3-dimensional rotational angiography,0.9752567253
J_Neurointerv_Surg_2014_Mar_19_6(2)_96-102,3DRA,3 dimensional rotational angiography,0.8723226389
Neurointervention_2012_Feb_29_7(1)_10-16,3DRA,3 dimensional rotational angiography,0.7993541194
Nanoscale_Res_Lett_2014_Sep_4_9(1)_471,3DRC,3D Display Research Center,0.9347903322
PLoS_One_2011_Jul_1_6(7)_e21727,3DRP,3D reprojection method,0.85570265
Biomed_Res_Int_2014_Jun_25_2014_578243,3DRT,3-dimensional conformal radiotherapy,0.9615913996
Int_J_Surg_Oncol_2012_Jul_8_2012_406568,3DRT,3D conformal radiotherapy,0.9259115556
J_Oncol_2011_Jun_12_2011_542358,3DRT,3-dimensional radiotherapy,0.9750652323
Microb_Cell_Fact_2014_Dec_14_13_173,3DSD,3-dehydroshikiminate dehydratase,0.9359631062
J_Cardiovasc_Magn_Reson_2014_Jan_16_16(Suppl_1)_O8,3DSN,3D self navigator,0.9508548561
Nucleic_Acids_Res_2012_Jul_11_40(Web_Server_issue)_W180-W185,3DTF,3D transcription factor,0.8741136259
Nucleic_Acids_Res_2012_Jul_11_40(Web_Server_issue)_W180-W185,3DTF,3D Transcription Factor,0.8822751749
Int_J_Fertil_Steril_2011_Feb_20_Jan-Mar_4(4)_144-147,3DUS,3D ultrasound,0.9124071411
PLoS_One_2014_Jul_21_9(7)_e102877,3DUS,3-D ultrasound,0.9683840998
Eplasty_2008_Apr_9_8_e20,3DVA,3-dimensional vector analysis,0.91228915
J_Cardiovasc_Magn_Reson_2015_Feb_3_17(Suppl_1)_P41,3DWH,3D whole heart,0.8809464552
PLoS_One_2013_Feb_21_8(2)_e57484,3DWT,3-D worm tracker,0.96661818
PLoS_One_2013_Feb_21_8(2)_e57484,3DWT,3-D worm tracker,0.96661818
PLoS_One_2013_Feb_21_8(2)_e57484,3DWT,3-D worm tracker,0.9911420035
PLoS_One_2013_Feb_21_8(2)_e57484,3DWT,3-D worm tracker,0.9911420035
BMC_Bioinformatics_2009_Dec_9_10_407,3DZD,3D Zernike descriptors,0.9933881249
BMC_Bioinformatics_2010_Dec_14_11(Suppl_11)_S2,3DZD,3D Zernike descriptors,0.9933881249
BMC_Med_Inform_Decis_Mak_2013_Apr_5_13(Suppl_1)_S8,3DZD,3D-Zernike Descriptor,0.9616368933
BMC_Med_Inform_Decis_Mak_2013_Apr_5_13(Suppl_1)_S8,3DZD,3D-Zernike Descriptor,0.9317238953
BMC_Med_Inform_Decis_Mak_2013_Apr_5_13(Suppl_1)_S8,3DZD,3D-Zernike Descriptor,0.9460845175
BMC_Med_Inform_Decis_Mak_2013_Apr_5_13(Suppl_1)_S8,3DZD,3D-Zernike Descriptor,0.9617929348
BMC_Bioinformatics_2012_Mar_13_13(Suppl_2)_S7,3DZD,3D Zernike descriptor,0.9755925328
Int_J_Mol_Sci_2010_Dec_6_11(12)_5009-5026,3DZD,3D Zernike descriptor,0.9689550948
J_Cheminform_2009_Dec_17_1_19,3DZD,3D Zernike descriptors,0.9857580708
Int_J_Mol_Sci_2014_Aug_27_15(9)_15122-15145,3DZD,3D Zernike descriptor,0.9755925328
Int_J_Mol_Sci_2014_Aug_27_15(9)_15122-15145,3DZD,3D Zernike descriptor,0.9755925328
Int_J_Mol_Sci_2014_Aug_27_15(9)_15122-15145,3DZD,3D Zernike Descriptors,0.9380645323
Int_J_Tryptophan_Res_2010_Aug_3_3_151-156,3EBC,3-ethoxy-&#x003b2;-carboline,0.5415054046
Environ_Health_Perspect_1990_Apr_85_275-289,3FMP,3-trifluoromethyl pyridine,0.8497234958
Front_Cell_Infect_Microbiol_2015_Feb_12_5_11,3GCS,3GC sensitive,0.9253983582
BMC_Plant_Biol_2009_Aug_20_9_109,3GGT,"3-O-glucoside-2""-O-glucosyltransferase",0.5922967578
PLoS_One_2011_Aug_18_6(8)_e22974,3H2B,3-hydroxy-2-butanone,0.9891251719
Biotechnol_Biofuels_2013_Jan_8_6_1,3H4H,3-hydroxybenzoate-4-hydroxylase,0.9988333996
Biotechnol_Biofuels_2013_Jan_8_6_1,3H6H,3-hydroxybenzoate-6-hydroxylase,0.9965724896
J_Exp_Med_1998_Oct_5_188(7)_1247-1254,3H9R,3H9 site-directed tg,0.951117296
BMC_Microbiol_2012_Feb_1_12_19,3HAA,3-hydroxyanthranilate,0.9961168334
Front_Microbiol_2011_Mar_21_2_49,3HAA,3-hydroxyanthranilic acid,0.985081147
Front_Cell_Infect_Microbiol_2013_Nov_19_3_80,3HAA,3-hydrozyanthranilic acid,0.9711185699
Int_J_Tryptophan_Res_2010_Jun_10_3_51-59,3HAA,3-hydroxyanthranilic acid,0.9850699404
Int_J_Tryptophan_Res_2010_Jun_10_3_51-59,3HAA,3-hydroxyanthranilic acid,0.9825018931
Int_J_Tryptophan_Res_2013_Sep_15_6_57-66,3HAA,3-hydroxyanthranilic acid,0.8986241712
Biol_Open_2014_Oct_17_3(11)_1037-1044,3HAD,3-hydroxyacyl Co A dehydrogenase,0.9479633758
Int_J_Tryptophan_Res_2010_Jun_10_3_51-59,3HAO,3-hydroxyanthranilic acid oxidase,0.9565235972
PLoS_Genet_2010_Sep_9_6(9)_e1001105,3HAO,"3-hydroxy-anthranilate 3,4-dioxygenase",0.942363482
Acta_Crystallogr_Sect_E_Struct_Rep_Online_2014_Oct_11_70(Pt_11)_328-330,3HAP,3-hy&#x000ad;droxy&#x000ad;picolinate,0.9523999046
Acta_Crystallogr_Sect_E_Struct_Rep_Online_2014_Oct_11_70(Pt_11)_328-330,3HAP,3-hy&#x000ad;droxy&#x000ad;picolinate,0.6882282993
PLoS_One_2010_May_5_5(5)_e10433,3HBH,3-hydroxybutyrate-oligomer hydrolase,0.9708059984
PLoS_ONE_2009_Feb_3_4(2)_e4345,3HCH,3-hydroxyisobutyryl-CoA hydrolases,0.9867871925
3_Biotech_2013_Oct_18_3(5)_389-397,3HDD,3-hydroxydodocanoate,0.9798902209
Microb_Cell_Fact_2012_Sep_14_11_130,3HDD,3-hydroxydodecanoate,0.9848710407
BMC_Vet_Res_2013_Sep_26_9_186,3HIV,3-hydroxyisovaleric acid,0.9304684064
BMC_Genomics_2011_Jun_29_12_334,3HOP,3-hydroxypropionate,0.9924097073
BMC_Genomics_2011_Jun_29_12_334,3HOP,3-hydroxypropionate,0.9612970482
BMC_Genomics_2011_Jun_29_12_334,3HOP,3-hydroxypropionate,0.9775419062
Front_Microbiol_2011_Aug_1_2_165,3HOP,3-hydroxypropionate,0.9846133853
Biotechnol_Biofuels_2012_Jul_18_5_48,3HPA,3-hydroxypropionaldehyde,0.9662019227
Front_Microbiol_2012_Aug_30_3_313,3HPA,3-hydroxypropionaldehyde,0.9553651559
Microb_Cell_Fact_2014_May_27_13_76,3HPA,3-hydroxypropionaldehyde,0.9943084046
Microb_Cell_Fact_2014_May_27_13_76,3HPA,3-hydroxypropionaldehyde,0.9011357855
Nucleic_Acids_Res_2008_Oct_19_36(18)_5946-5954,3HPA,3-hydroxy picolinic acid,0.9818446624
Microb_Cell_Fact_2014_May_7_13_64,3HPA,3-hydroxypropionaldehyde,0.9553651559
BMC_Microbiol_2011_Oct_10_11_224,3HPP,3-hydroxyphenylpropionic acid,0.9603917013
Mar_Drugs_2014_May_9_12(5)_2668-2699,3HQA,3-hydroxy-quinaldic acid,0.9896212185
PLoS_One_2012_Sep_20_7(9)_e45214,3HTD,3-hydroxytetradecanoate,0.9882018728
Cancer_Cell_Int_2011_Feb_14_11_3,3HYP,3-days hypoxia,0.7960061903
Cancer_Cell_Int_2011_Feb_14_11_3,3HYP,3-days hypoxia,0.7960061903
Cancer_Cell_Int_2011_Feb_14_11_3,3HYP,3-days hypoxia,0.7960061903
Influenza_Other_Respir_Viruses_2014_Mar_2_8(2)_258-265,3IQR,3 interquartile ranges,0.5944600588
Biotechnol_Biofuels_2014_Oct_21_7_155,3M1B,3-methyl-1-butanol,0.9858867299
BMC_Syst_Biol_2011_Nov_11_5_191,3MBA,3-methylbenzyl alcohol,0.9705324246
Mol_Syst_Biol_2015_Feb_12_11(2)_784,3MBA,3-methylbenzyl alcohol,0.9643781266
PLoS_Genet_2012_Oct_11_8(10)_e1002963,3MBA,3-methylbenzylalcohol,0.9912415221
PLoS_Genet_2012_Oct_11_8(10)_e1002963,3MBA,3-methylbenzylalcohol,0.9761810897
PLoS_Genet_2012_Oct_11_8(10)_e1002963,3MBA,3-methylbenzyl alcohol,0.9933082395
PLoS_Genet_2012_Oct_11_8(10)_e1002963,3MBA,3-methylbenzyl alcohol,0.931764282
PLoS_Genet_2012_Oct_11_8(10)_e1002963,3MBA,3-methylbenzylalcohol,0.9454742901
PLoS_One_2009_Oct_20_4(10)_e7274,3MBT,3 MBT repeats,0.5394876409
BMC_Biol_2013_Aug_9_11_91,3MCA,3-Methylcholantrene,0.9656690447
BMC_Biol_2013_Aug_9_11_91,3MCA,3-Methylcholantrene,0.9813177715
BMC_Psychiatry_2011_Nov_8_11_175,3MFU,3-month follow-up,0.6748498574
Evid_Based_Complement_Alternat_Med_2012_Sep_6_2012_837939,3MGA,3-monoglucuronyl-glycyrrhetinic acid,0.9732510367
AMB_Express_2011_Nov_2_1_36,3MHA,3-mercaptohexyl acetate,0.995149591
AMB_Express_2011_Nov_2_1_36,3MHA,3-mercaptohexyl acetate,0.995149591
Appl_Microbiol_Biotechnol_2012_Nov_1_96(3)_601-618,3MHA,3-mercaptohexyl acetate,0.9950737977
Appl_Microbiol_Biotechnol_2012_Nov_1_96(3)_601-618,3MHA,3-mercaptohexyl acetate,0.995149591
Bioeng_Bugs_2012_May_1_3(3)_147-156,3MHA,3-mercaptohexyl acetate,0.995149591
Bioeng_Bugs_2012_May_1_3(3)_147-156,3MHA,3-mercaptohexyl acetate,0.995149591
J_Clin_Biochem_Nutr_2009_May_25_44(3)_266-274,3MNA,3-methylnonanoic acid,0.9794201141
PLoS_One_2013_Aug_26_8(8)_e72298,3MOI,3-metyloxyindole,0.9929905144
Nat_Commun_2015_Jan_16_6_6010,3MPA,3-mercaptopropionic acid,0.9684916275
Biologics_2009_Oct_12_3_459-468,3MSC,3-minute stair climb test,0.9614486591
New_Phytol_2013_Jun_8_198(4)_1085-1095,3MSP,3-methylsulphinylpropyl,0.887381563
Biomed_Res_Int_2014_Feb_24_2014_480921,3MST,3-mercaptopyruvate sulfurtransferase,0.9948673254
Biomed_Res_Int_2014_Mar_13_2014_598271,3MST,3-mercaptopyruvate sulfur esterase,0.9973563685
Acta_Pharmacol_Sin_2011_Apr_5_32(4)_456-464,3MST,3-mercaptopyruvate sulfurtransferase,0.9912626725
Acta_Pharmacol_Sin_2011_Apr_5_32(4)_456-464,3MST,3-Mercapto pyruvate sulfurtransferase,0.9353753078
Acta_Pharmacol_Sin_2011_Apr_5_32(4)_456-464,3MST,3-mercaptopyruvate sulfurtransferase,0.9948673254
Chem_Sci_2015_Jan_1_6(1)_294-300,3MST,3-mercaptosulfurtransferase,0.9656690447
Front_Physiol_2012_Apr_18_3_101,3MST,3-mercaptopyruvate sulfurtransferase,0.9948691649
Exp_Ther_Med_2012_Nov_16_4(5)_832-838,3MST,3-mercaptopyruvate sulfurtransferase,0.9949480906
Exp_Ther_Med_2012_Nov_16_4(5)_832-838,3MST,3-mercaptopyruvate sulfurtransferase,0.9392996903
Commun_Integr_Biol_2012_Mar_1_5(2)_169-171,3MST,3-mercaptopyruvate sulfurtransferase,0.9384005423
Exp_Ther_Med_2015_Mar_26_9(3)_1068-1074,3MST,3-mercaptopyruvate sulfurtransferase,0.7970258227
Chem_Rev_2013_Jul_10_113(7)_4633-4679,3MST,3-mercaptopyruvate sulfurtransferase,0.9949427037
Chem_Rev_2013_Jul_10_113(7)_4633-4679,3MST,3-mercaptopyruvatesulfurtransferase,0.9298825677
Front_Endocrinol_(Lausanne)_2013_Jul_16_4_87,3MST,3-mercaptopyruvate sulfurtransferase,0.9468919895
Front_Endocrinol_(Lausanne)_2013_Jul_16_4_87,3MST,3-mercaptopyruvate sulfurtransferase,0.8348130198
Front_Endocrinol_(Lausanne)_2013_Jul_16_4_87,3MST,3-Mercaptopyruvate sulfurtransferase,0.9353753078
Front_Physiol_2012_Jul_25_3_295,3MST,3-mercaptopyruvate sulfurtransferase,0.9768634094
Front_Physiol_2012_Nov_28_3_448,3MST,3-mercaptopyruvate sulfurtransferase,0.9948691649
Cardiovasc_Diabetol_2014_Apr_2_13_69,3MST,3-mercaptopyruvate-sulfurtransferase,0.8326400675
Iran_J_Basic_Med_Sci_2012_Jul-Aug_15(4)_907-915,3MST,3-mercaptopyruvate sulfutransferase,0.9899098429
Interdiscip_Toxicol_2013_Dec_6(4)_159-184,3MST,3-mercaptopyruvate sulfurtransferae,0.9353753078
Lipids_Health_Dis_2014_Oct_2_13_155,3MST,3-mercaptopyruvate sulfur transferase,0.9597926786
J_Toxicol_2011_Nov_10_2011_394970,3MST,3-Mercaptopyruvate Sulfurtransferase,0.9353753078
J_Toxicol_2011_Nov_10_2011_394970,3MST,3-mercaptopyruvate sulfurtransferase,0.9949480906
J_Transplant_2012_May_7_2012_819382,3MST,3-mercaptopyruvate sulfurtransferase,0.9930578608
Med_Gas_Res_2011_Apr_27_1_3,3MST,3-metacaptopyruvate sulfur transferase,0.9913260003
Med_Gas_Res_2011_Apr_27_1_3,3MST,3-mercaptopyruvate sulfur transferase,0.9437742524
Int_J_Mol_Sci_2015_Jan_6_16(1)_1252-1265,3MST,3-mercaptopyruvate sulfur transferase,0.9511915289
J_Neuroinflammation_2012_Aug_17_9_202,3MST,3-mercaptopyruvate sulfurtransferase,0.934589276
Int_J_Biomed_Sci_2012_Jun_8(2)_81-86,3MST,3-mercaptopyruvate-sulfurtransferase,0.9815100218
PLoS_One_2014_Jul_1_9(7)_e99613,3MST,3-Mercaptopyruvate sulfurtransferase,0.9344204516
PLoS_One_2012_Dec_28_7(12)_e53165,3MST,3-mercaptopyruvate sulfurtransferase,0.9437183756
PLoS_One_2013_Jun_21_8(6)_e67322,3MST,3-Mercaptopyruvate Sulfurtransferase,0.834818651
PLoS_One_2013_Jun_21_8(6)_e67322,3MST,3-mercaptopyruvate sulfurtransferase,0.8849311358
Oxid_Med_Cell_Longev_2012_Dec_5_2012_878052,3MST,3-mercaptopyruvate sulfur transferase,0.995572592
PLoS_One_2012_Dec_28_7(12)_e53319,3MST,3-mercaptopyruvate sulfurtransferase,0.9949480906
PLoS_One_2012_Aug_3_7(8)_e41951,3MST,3-mercaptopyruvate-sulfurtransferase,0.9123669268
PLoS_One_2012_Aug_3_7(8)_e41951,3MST,3-mercaptopyruvate-sulfurtransferase,0.9392994727
PLoS_One_2014_Aug_21_9(8)_e105772,3MST,3-mercaptopyruvate sulfur transferase,0.9850340435
PLoS_One_2012_Aug_15_7(8)_e43377,3MTA,3-Methoxytyramine,0.9660079238
Metabolites_2013_Jun_25_3(3)_517-538,3MTP,3-methylthiopropyl,0.953792131
PLoS_One_2013_Mar_19_8(3)_e59661,3MTP,3-methylthiopropyl GLS,0.8757917321
J_Korean_Med_Sci_2015_Jan_23_30(1)_54-59,3MTR,3-month treatment response,0.9802475323
Neurol_Neuroimmunol_Neuroinflamm_2015_Mar_12_2(3)_e86,3MWT,3-minute walk test,0.9605233822
J_Nucleic_Acids_2011_Nov_17_2011_521035,3NBA,3-Nitrobenzanthrone,0.9123669268
BMC_Cancer_2011_Jul_26_11_315,3NPA,3-nitropropionic acid,0.9702962744
BMC_Cancer_2011_Jul_26_11_315,3NPA,3-nitropropionic acid,0.9490208121
EMBO_Mol_Med_2010_Dec_2(12)_490-503,3NPA,3-nitropropionic acid,0.9736156669
PLoS_Biol_2011_Jul_26_9(7)_e1001112,3NPA,3-nitropropionic acid,0.9933840503
Br_J_Cancer_1973_Apr_27(4)_316-322,3OHA,3-hydroxyanthranilic acid,0.7849706647
PLoS_One_2013_Jun_20_8(6)_e66494,3OHK,3 hydroxykynurenine,0.5030843404
J_Am_Heart_Assoc_2013_Jun_21_2(3)_e004796,3OMG,3&#x02010;O&#x02010;methylglucose,0.7530707484
Environ_Health_Perspect_2008_Aug_11_116(8)_1015-1022,3PBA,3-phenoxybenzoic acid,0.9886284549
Environ_Health_Perspect_2007_Aug_28_115(8)_1254-1260,3PBA,3-phenoxy-benzoic acid,0.957321928
Environ_Health_2013_Dec_17_12_111,3PBA,3-phenoxybenzoic acid,0.9490208121
Environ_Health_Perspect_2010_Jun_3_118(6)_742-748,3PBA,3-phenoxybenzoic acid,0.9365653659
Environ_Health_Perspect_2010_Jun_3_118(6)_742-748,3PBA,3-Phenoxybenzoic acid,0.9490208121
Int_J_Environ_Res_Public_Health_2011_Jun_25_8(6)_1792-1804,3PBA,3-phenoxybenzoic acid,0.9490208121
Biotechnol_Biofuels_2014_Dec_31_7_493,3PGA,3-phosphoglycerate,0.9530738429
BMC_Plant_Biol_2005_Feb_9_5_1,3PGA,3-phosphoglycerate,0.9132376697
Front_Plant_Sci_2013_Aug_9_4_308,3PGA,3-phosphoglycerate,0.9123004019
Front_Plant_Sci_2011_Sep_30_2_59,3PGA,3 phosphoglycerate,0.736146875
Front_Plant_Sci_2012_Jan_16_3_3,3PGA,3-phoshoglycerate,0.9110987763
Metabolites_2014_Aug_4_4(3)_612-628,3PGA,3-phosphoglycerate,0.9848222306
Microb_Cell_Fact_2005_Feb_2_4_5,3PGA,3-phosphoglycerate,0.9675674522
Microb_Cell_Fact_2005_Feb_2_4_5,3PGA,3-phosphoglycerate,0.991234298
J_Exp_Bot_2008_Aug_7_59(11)_3009-3018,3PGA,3-phosphoglycerate,0.971647161
Life_(Basel)_2014_Nov_21_4(4)_770-787,3PGA,3-phosphoglycerate,0.9798311938
Metabolites_2013_Feb_4_3(1)_72-100,3PGA,3-phosphoglycerate,0.9306399238
Metabolites_2013_Feb_4_3(1)_72-100,3PGA,3-phosphoglycerate,0.9265832376
Int_J_Mol_Sci_2013_Apr_12_14(4)_8073-8092,3PGA,3-phosphoglycerate,0.9939339967
Metabolites_2013_Mar_11_3(1)_168-184,3PGA,3-phosphoglycerate,0.9122574959
Microb_Cell_Fact_2004_Jun_2_3_7,3PGA,3-phosphoglycerate,0.9876876013
Microb_Cell_Fact_2004_Jun_2_3_7,3PGA,3-phosphoglycerate barium salt,0.9246361451
Microb_Cell_Fact_2004_Jun_2_3_7,3PGA,"3-phosphoglycerate, barium salt",0.7660276182
Microb_Cell_Fact_2004_Jun_2_3_7,3PGA,3-phosphoglycerate,0.9575264561
Microb_Cell_Fact_2004_Jun_2_3_7,3PGA,3-phosphoglycerate,0.971647161
PLoS_One_2012_Aug_17_7(8)_e42809,3PGA,3-phosphoglycerate,0.9757152967
PLoS_One_2013_Mar_6_8(3)_e58281,3PGA,3-phosphoglycerate,0.9454370126
PLoS_One_2013_Mar_6_8(3)_e58281,3PGA,3-phosphoglycerate,0.9272307279
PLoS_One_2013_Mar_6_8(3)_e58281,3PGA,3-phosphoglycerate,0.9550835511
PLoS_One_2013_Mar_6_8(3)_e58281,3PGA,3-phosphoglycerate,0.971647161
PLoS_One_2010_Dec_6_5(12)_e15104,3PGA,3-phosphoglycarate,0.9462755211
PLoS_Biol_2007_Jun_22_5(6)_e144,3PGA,3-phosphoglyceric acid,0.9736770703
PLoS_One_2011_Jan_21_6(1)_e16278,3PGA,3-phosphoglycerate,0.9538530184
PLoS_One_2011_Jan_21_6(1)_e16278,3PGA,3-phosphoglycerate,0.9711218331
PLoS_One_2011_Jan_21_6(1)_e16278,3PGA,3-phosphoglycerate,0.9454370126
PLoS_One_2011_Jan_21_6(1)_e16278,3PGA,3-phosphoglycerate,0.9931230398
PLoS_One_2014_Aug_15_9(8)_e105292,3PGA,3-phosphoglycerate,0.9452482579
PLoS_One_2014_Aug_15_9(8)_e105292,3PGA,3-phosphoglycerate,0.9452482579
Ann_Saudi_Med_2010_Jul-Aug_30(4)_271-277,3PGD,3-phosphoglycerate dehydrogenase,0.9828319343
Nucleic_Acids_Res_2007_Jan_16_35(Database_issue)_D232-D236,3PGK,3 phospho-glycerate kinase,0.6116262813
Bioinformation_2009_Nov_17_4(5)_197-205,3SDI,3-state with dimer intermediate,0.643540772
Bioinformation_2009_Sep_30_4(3)_101-111,3SDI,3-state with dimerintermediate,0.9737485809
Bioinformation_2009_Sep_30_4(3)_101-111,3SDI,3&#x02010;state with dimer intermediate,0.774357075
Mol_Biol_Cell_2010_Sep_15_21(18)_3171-3181,3SGC,3-sulfogalactosylceramide,0.9676413884
Bioinformation_2009_Nov_17_4(5)_197-205,3SMI,3-state with monomer intermediate,0.9260237628
Bioinformation_2009_Sep_30_4(3)_101-111,3SMI,3-state with monomer intermediate,0.9641630088
Environ_Health_Perspect_2007_Sep_1_115(9)_1325-1332,3SSC,3 saline sodium citrate,0.9530898653
PLoS_One_2011_Feb_28_6(2)_e16981,3ULM,3 uppercase letter model,0.8455582893
Int_J_Mol_Sci_2015_Jan_28_16(2)_2893-2912,3VDF,3VDE interacting factor,0.9601442445
PLoS_One_2014_Apr_22_9(4)_e95679,3W1A,3-Warning-1-Alarm,0.9899115661
PLoS_One_2014_Apr_22_9(4)_e95679,3W1A,3-Warning-1-Alarm,0.9912206637
PLoS_One_2014_Apr_22_9(4)_e95679,3W1A,3-Warning-1-Alarm,0.9825365843
PLoS_One_2014_Feb_4_9(2)_e87858,3WPP,3 weeks port partum,0.8498819982
PLoS_One_2014_Feb_4_9(2)_e87858,3WPP,3 weeks postpartum,0.7757637319
J_Phys_Ther_Sci_2013_Sep_20_25(9)_1051-1054,3ZWT,3-m zigzag walk test,0.5415685163
PLoS_One_2012_Jun_19_7(6)_e37653,440D,440-dimensional,0.9485205509
PLoS_One_2012_Jun_19_7(6)_e37653,440D,440-dimensional,0.9501605712
BMC_Pharmacol_Toxicol_2014_Nov_29_15_68,4ABA,4-aminobenzoic acid,0.9850393202
Int_J_Mol_Sci_2012_Mar_21_13(3)_3703-3717,4ASA,4-amino-salicylic acid,0.9337489732
Acta_Crystallogr_Sect_E_Struct_Rep_Online_2011_Oct_8_67(Pt_11)_o2869,4BPB,4-bromophenyl benzoate,0.9727356056
Acta_Crystallogr_Sect_E_Struct_Rep_Online_2009_Mar_25_65(Pt_4)_m433-m434,4BPY,"4,4&#x02032;-bipyridine",0.5737561969
Korean_J_Parasitol_2014_Apr_18_52(2)_201-204,4C1N,4-chloro-1-napthol,0.9855926669
PLoS_Negl_Trop_Dis_2010_Oct_12_4(10)_e849,4C1N,4-chloro-1-naphthol,0.9763565188
BMC_Bioinformatics_2004_Aug_12_5_109,4CBA,4-chlorobenzoate,0.917079049
J_Extracell_Vesicles_2012_Apr_16_1_10_3402_jev_v1i0_18182,4CFC,4 color flow cytometry,0.9364670559
BMC_Biotechnol_2006_Mar_21_6_22,4CL1,4-coumaroyl:CoA ligase 1,0.9765562029
BMC_Biotechnol_2006_Mar_21_6_22,4CL4,4-coumaroyl:CoA ligase 4,0.9947752138
BMC_Genomics_2015_Feb_21_16(1)_110,4CNB,4-chloronitrobenzene,0.9524878113
Microb_Biotechnol_2009_Jul_15_2(4)_428-440,4CNB,4&#x02010;chloronitrobenzene,0.9454964571
Microb_Biotechnol_2009_Mar_18_2(2)_241-252,4CNB,4&#x02010;chloronitrobenzene,0.5941561489
Biomed_Imaging_Interv_J_2012_Jan_1_8(1)_e5,4DCT,4 Dimensional Computed Tomography,0.7865352013
Biomed_Res_Int_2014_Sep_7_2014_306021,4DCT,4-dimensional computed tomography,0.9500032452
Biomed_Res_Int_2014_Sep_7_2014_306021,4DCT,4-dimensional computed tomography,0.9525137609
Cancer_Imaging_2005_Nov_23_5(Spec_No_A)_S157-S172,4DCT,4D-computed tomography,0.9219701158
Case_Rep_Otolaryngol_2013_Dec_5_2013_676039,4DCT,4-dimensional computed tomography,0.981609113
Case_Rep_Otolaryngol_2013_Dec_5_2013_676039,4DCT,4-dimensional computed tomography,0.9551657892
Eplasty_2013_Feb_23_13_e9,4DCT,4 dimensional computed tomography,0.8793341271
J_Med_Phys_2014_Oct-Dec_39(4)_212-218,4DCT,4-dimensional computed tomography,0.9513601474
Nucleic_Acids_Res_2008_Jan_4_36(Database_issue)_D847-D853,4DDW,4D ArrayExpress data warehouse,0.9854147574
J_Occup_Rehabil_2010_Jun_7_20(2)_264-273,4DSQ,4-Dimensional Symptom Questionnaire,0.9880782719
J_Transl_Med_2006_Aug_15_4_34,4DSQ,4 Dimensional Symptom Questionnaire,0.978940382
J_Med_Phys_2014_Jan-Mar_39(1)_44-49,4DTC,4-dimensional treatment console,0.9533675659
Indian_J_Urol_2013_Jul-Sep_29(3)_208-213,4DUS,4-D ultrasound,0.9923155229
BMC_Cancer_2012_Apr_4_12_141,4EBP,4E-binding protein,0.9931554654
Breast_Cancer_Res_2005_Aug_1_7(5)_R796-R807,4EBP,4E binding protein,0.9921121124
BMC_Biol_2007_Mar_19_5_10,4EBP,4E binding protein,0.8937477183
BMC_Evol_Biol_2010_Oct_12_10_305,4EBP,4E-binding protein,0.9896563762
Front_Physiol_2013_Sep_26_4_263,4EBP,4E-Binding Protein,0.9549592787
Front_Physiol_2013_Sep_26_4_263,4EBP,4E-Binding Protein,0.9562066086
Diabetol_Metab_Syndr_2014_Sep_19_6_101,4EBP,4E-binding protein,0.9065768187
Front_Psychol_2014_Sep_25_5_1093,4EBP,4E-binding protein,0.9065768187
Comp_Funct_Genomics_2012_May_9_2012_576540,4EBP,4E-Binding Protein,0.9142653457
Cell_Death_Dis_2014_Mar_27_5(3)_e1141,4EBP,4E-binding protein,0.9931554654
Cell_Death_Dis_2014_Mar_27_5(3)_e1141,4EBP,4E-binding protein,0.9703366501
Cell_Death_Dis_2014_Mar_27_5(3)_e1141,4EBP,4E-binding protein,0.9703366501
Cancer_Manag_Res_2010_Mar_9_2_61-70,4EBP,4E-binding protein,0.9075138459
EMBO_Mol_Med_2010_Oct_2(10)_388-400,4EBP,4E-binding protein,0.9723227573
Cancer_Cell_Int_2003_Feb_18_3_2,4EBP,4E binding protein,0.9682009482
Front_Physiol_2014_Feb_5_5_19,4EBP,4E-binding protein,0.8437691605
Front_Mol_Neurosci_2011_Nov_23_4_48,4EBP,4E binding protein,0.8937477183
EMBO_Mol_Med_2013_Jun_30_5(6)_870-890,4EBP,4E binding protein 1,0.8044650935
Diabetol_Metab_Syndr_2013_May_31_5_29,4EBP,4E-binding protein,0.9065768187
Diabetol_Metab_Syndr_2013_May_31_5_29,4EBP,4E-binding protein,0.9065768187
Drugs_R_D_2015_Mar_17_15(1)_27-36,4EBP,4E-binding protein,0.9065768187
Curr_Genomics_2012_Nov_13(7)_508-518,4EBP,4E-binding protein,0.9354159054
J_Biol_Chem_2010_Jan_22_285(4)_2610-2621,4EBP,4E-binding protein,0.9192847274
Nature_2011_Mar_24_471(7339)_467-472,4EBP,4E-binding protein,0.9065768187
Int_J_Biol_Sci_2010_Jan_7_6(1)_9-50,4EBP,4E binding protein,0.8937477183
Mol_Cancer_2010_Jun_1_9_135,4EBP,4E-binding protein,0.9920867456
Mol_Pain_2011_Sep_21_7_70,4EBP,4E binding protein,0.9583427855
Int_J_Breast_Cancer_2012_Dec_18_2012_502092,4EBP,4E binding protein,0.9773597578
J_Exp_Med_2001_Oct_15_194(8)_1097-1110,4EBP,4E-binding protein,0.9745937774
J_Mol_Med_(Berl)_2012_May_22_90(5)_575-585,4EBP,4E binding protein,0.8937477183
PLoS_One_2014_Apr_30_9(4)_e97054,4EBP,4E-binding protein,0.9854564211
Obesity_(Silver_Spring)_2014_Oct_4_22(10)_2172-2179,4EBP,4E-binding protein,0.7968457972
PLoS_One_2012_Oct_8_7(10)_e47049,4EBP,4E-binding protein,0.9192847274
PLoS_One_2012_Feb_3_7(2)_e30722,4EBP,4E Binding Protein,0.9921121124
Onco_Targets_Ther_2012_Aug_22_5_153-160,4EBP,4E-binding protein,0.9233614424
PLoS_One_2013_Mar_11_8(3)_e57808,4EBP,4E-binding protein,0.9065768187
PLoS_Biol_2009_Feb_10_7(2)_e1000038,4EBP,4E binding protein,0.9052443476
PLoS_Comput_Biol_2009_Feb_13_5(2)_e1000287,4EBP,4E-binding protein,0.9328569392
PLoS_One_2014_Jan_29_9(1)_e86183,4EBP,4E-binding protein,0.9854564211
PLoS_One_2014_Jan_29_9(1)_e86183,4EBP,4E-binding protein,0.9931554654
PLoS_ONE_2007_Apr_18_2(4)_e375,4EBP,4E-binding protein,0.9931554654
Brief_Funct_Genomics_2013_Jan_28_12(1)_58-65,4EHP,4E homologous protein,0.9006912872
PLoS_One_2013_Aug_15_8(8)_e74047,4EHP,4E homologous protein,0.891929354
Microb_Ecol_Health_Dis_2015_Mar_24_26_10_3402_mehd_v26_26382,4EPS,4-ethly-phenyl sulfate,0.9716370638
Microb_Ecol_Health_Dis_2015_Mar_12_26_10_3402_mehd_v26_26914,4EPS,4-ethylphenylsulfate,0.9629964827
Microb_Ecol_Health_Dis_2015_Feb_2_26_10_3402_mehd_v26_26191,4EPS,4-ethylphenylsulphate,0.8703285393
Exp_Neurobiol_2013_Dec_31_22(4)_277-282,4F8R,4F and 8R,0.6024973556
Immunity_2009_Jun_19_30(6)_888-898,4FPA,4-fluorophenyl acetate,0.9832965571
Biomol_Ther_(Seoul)_2012_Mar_20(2)_239-244,4GBA,4-guanidinobutyric acid,0.9683031205
Cancers_(Basel)_2011_Sep_13_3(3)_3557-3584,4HAE,4-hydroxyalkenals,0.9928858573
BMC_Genomics_2015_Feb_21_16(1)_110,4HBA,4-hydroxybenzoate,0.9508773327
PLoS_One_2012_Jun_27_7(6)_e40132,4HBA,4-hydroxybenzyl alcohol,0.9097438911
Front_Cell_Infect_Microbiol_2012_May_31_2_75,4HBM,4-helical bundle MLDs,0.9838448812
Appl_Microbiol_Biotechnol_2010_Nov_6_88(5)_1145-1159,4HBT,4-hydroxybenzoate thioesterase,0.9333890193
BMC_Bioinformatics_2004_Aug_12_5_109,4HBT,4-hydroxybenzoyl-CoA thioesterase,0.9819825854
BMC_Bioinformatics_2004_Aug_12_5_109,4HBT,4-hydroxybenzoyl CoA thioesterase,0.9321728237
Genome_Biol_2004_May_27_5(6)_R41,4HBT,4-hydroxybenzoate thioesterase,0.9947011059
Front_Microbiol_2014_Mar_11_5_95,4HCD,4-hydroxybutyryl-CoA dehydratase,0.9721184141
Biomed_Res_Int_2014_Jun_9_2014_603415,4HCH,4-hydroxychalcone,0.9686883972
Biomed_Res_Int_2014_Jun_9_2014_603415,4HCH,4-Hydroxychalcone,0.9489094956
J_Diabetes_2014_Mar_21_6(2)_167-175,4HDA,4-hydroxyalkenals,0.9928858573
J_Diabetes_2014_Mar_21_6(2)_167-175,4HDA,4-hydroxyalkenals,0.9928858573
Int_J_Genomics_2014_Jan_29_2014_894296,4HLT,4-phospho-hydroxy-L-threonine,0.9154956812
Ann_N_Y_Acad_Sci_2012_Oct_10_1271(1)_75-81,4HNE,4-hydroxynonenal,0.9303786577
Biomedicine_(Taipei)_2014_Nov_20_4_23,4HNE,4-hydroxynonenal,0.9593695914
Alcohol_Res_Health_2007_30(1)_38-47,4HNE,4-hydroxynonenal,0.9303786577
Am_J_Physiol_Regul_Integr_Comp_Physiol_2014_Jul_1_307(1)_R26-R34,4HNE,4-hydroxynonenal,0.9182074382
Am_J_Physiol_Regul_Integr_Comp_Physiol_2014_Jul_1_307(1)_R26-R34,4HNE,4-hydroxynonenal,0.9248451617
Biomed_Res_Int_2014_Jan_12_2014_309507,4HNE,4-hydroxynonenal,0.9447053775
Alcohol_Res_Health_2010_33(1-2)_76-86,4HNE,4-hydroxy-2-nonenal,0.9274052035
Alcohol_Res_Health_2010_33(1-2)_76-86,4HNE,4-hydroxynonenal,0.9530835153
Asian_J_Androl_2014_Dec_16_Jan-Feb_16(1)_31-38,4HNE,4-hydroxynonenal,0.991110985
Curr_Pharm_Des_2013_Feb_19(4)_578-613,4HNE,4-hydroxy-2-nonenal,0.9873889454
Diabetes_2011_Aug_18_60(8)_2051-2060,4HNE,4 hydroxynonenal,0.8469432332
Curr_Neuropharmacol_2013_Jul_11(4)_338-378,4HNE,4-hydroxynoneal,0.8094488648
Cell_Death_Dis_2010_Oct_21_1(10)_e84,4HNE,4-hydroxy-2-nonenal,0.959239132
Front_Physiol_2014_Dec_18_5_503,4HNE,4-hydroxynonenal,0.9721524002
Curr_Neuropharmacol_2014_Mar_12(2)_148-167,4HNE,4-hydroxy nonenal,0.9180935542
Exp_Diabetes_Res_2011_Jun_13_2011_374943,4HNE,4-hydroxy-2-nonenal,0.9912567622
Drug_Des_Devel_Ther_2014_Oct_8_8_1765-1780,4HNE,4-hydroxy-2-nonenal,0.9450303296
Diabetes_Obes_Metab_2013_Feb_25_15(2)_153-163,4HNE,4-hydroxy-2-noneal modified protein,0.9836056548
Cell_Death_Dis_2013_Apr_4_4(4)_e580,4HNE,4-hydroxynonenal,0.9446383203
Front_Physiol_2012_Aug_28_3_344,4HNE,4-hydroxynonenal,0.980160452
Int_J_Mol_Sci_2010_Sep_17_11(9)_3375-3386,4HNE,4-hydroxynonenal,0.9928858573
J_Neuroinflammation_2013_Dec_1_10_143,4HNE,4-hydroxynonenal,0.9780666057
Mol_Biol_Cell_2012_Sep_1_23(17)_3290-3298,4HNE,4-hydroxynonenal,0.9044248638
Nucleic_Acids_Res_2010_Sep_30_38(16)_5432-5442,4HNE,4-hydroxynonenal,0.991110985
Mol_Neurodegener_2007_May_29_2_10,4HNE,4-hydroxy-2-nonenal,0.9543807658
J_Cell_Biol_2007_Jun_18_177(6)_969-979,4HNE,4-hydroxy-2-noneal,0.9645072447
Lipids_Health_Dis_2015_Feb_13_14_6,4HNE,4-hydroxynonenal,0.9094443791
Mol_Cancer_2012_May_1_11_28,4HNE,4-hydroxynonenal,0.980160452
J_Transl_Med_2015_Mar_6_13_82,4HNE,4-hydroxy-2-noneal Michael adducts,0.8987867493
J_Transl_Med_2015_Mar_6_13_82,4HNE,4-hydroxy-2-noneal Michael Adducts,0.9532224912
J_Neuroinflammation_2012_Jul_25_9_182,4HNE,4-hydroxy-2-nonenal,0.9125072974
PLoS_One_2011_Sep_16_6(9)_e25077,4HNE,4-hydroxynonenal,0.9447053775
PLoS_One_2013_Sep_16_8(9)_e73591,4HNE,4-hydroxy-2-nonenal,0.9912567622
PLoS_One_2012_Apr_3_7(4)_e34468,4HNE,4 hydroxynonenal,0.6559348666
PLoS_One_2013_Jan_7_8(1)_e53951,4HNE,4-hydroxy-2-noneal,0.9139715971
PLoS_One_2013_Jan_7_8(1)_e53951,4HNE,4-hydroxynonenal,0.7913245942
PLoS_One_2013_Nov_22_8(11)_e81523,4HNE,4-hydroxy-2-nonenal,0.9125072974
PLoS_One_2013_Nov_22_8(11)_e81523,4HNE,4-hydroxy-2-nonenal,0.9125072974
Oxid_Med_Cell_Longev_2015_Feb_24_2015_631758,4HNE,4-hydroxynonenal,0.9446383203
Oxid_Med_Cell_Longev_2013_May_22_2013_423965,4HNE,4-hydroxynonenal,0.9858193316
Oxid_Med_Cell_Longev_2013_May_22_2013_423965,4HNE,4-hydroxynonenal,0.9573112695
PLoS_One_2014_Apr_18_9(4)_e94373,4HNE,4-Hydroxynonenal-2-nonenal,0.9731864017
PLoS_One_2014_Apr_18_9(4)_e94373,4HNE,4-Hydroxynonenal-2-nonenal,0.9731864017
PLoS_One_2014_Apr_18_9(4)_e94373,4HNE,4-Hydroxynonenal-2-nonenal,0.9731864017
PLoS_One_2014_Apr_18_9(4)_e94373,4HNE,4-Hydroxynonenal-2-nonenal,0.8900230147
PLoS_One_2014_Apr_18_9(4)_e94373,4HNE,4-Hydroxynonenal-2-nonenal,0.9731864017
PLoS_One_2013_Dec_6_8(12)_e81879,4HNE,4-Hydroxynonenal,0.9707239409
PLoS_One_2014_Jul_16_9(7)_e101223,4HNE,4-hydroxynonenal,0.9812913687
PLoS_One_2014_Jul_16_9(7)_e101223,4HNE,4-hydroxynonenal,0.9508702072
PLoS_One_2013_Sep_5_8(9)_e74439,4HNE,4-hydroxynonenal,0.9352065366
PLoS_One_2011_Mar_30_6(3)_e18005,4HNE,4-hydroxy-2&#x02032;-nonenal,0.9445924151
PLoS_One_2011_Mar_30_6(3)_e18005,4HNE,4-hydroxy-2-nonenal,0.9693200999
PLoS_One_2013_Feb_8_8(2)_e56097,4HPA,4-hydroxyphenylacetic acid,0.9504404142
PLoS_One_2014_Feb_21_9(2)_e89267,4HPL,4-hydroxyphenyllactate,0.9447053775
Chem_Rev_2011_Oct_12_111(10)_6387-6422,4HPR,4-hydroxyphenyl retinamide,0.9203982658
PLoS_One_2013_Jan_11_8(1)_e53927,4HPR,4-hydroxyphenylretinamide,0.9111661874
Oncotarget_2014_May_28_5(13)_4811-4820,4HPR,N-4-hydroxyphenyl-retinamide,0.5806368468
Oxid_Med_Cell_Longev_2014_Mar_18_2014_103068,4HPR,N-(4-hydroxyphenyl)-retinamide,0.6940998498
Int_J_Mol_Sci_2012_Dec_17_13(12)_17244-17274,4HTB,4-hydroxythiobenzamide,0.991110985
Environ_Health_Perspect_2008_Jul_25_116(7)_867-872,4MBC,4-methylbenzylidene camphor,0.9948725108
Nucleic_Acids_Res_2009_Apr_20_37(7)_2204-2210,4MBT,4-MBT-repeat domain,0.9842298285
Eur_J_Neurosci_2007_Sep_26(6)_1611-1623,4MCH,4-methylcyclohexanol,0.9518881465
PLoS_One_2012_Aug_31_7(8)_e44652,4MMC,4-methylmethcathinone,0.9489094956
AMB_Express_2011_Nov_2_1_36,4MMP,4-Mercapto-4-methylpentan-2-one,0.9526133528
Appl_Microbiol_Biotechnol_2012_Nov_1_96(3)_601-618,4MMP,4-mercapto-4-methyl-pentan-2-one,0.9872773167
Bioeng_Bugs_2012_May_1_3(3)_147-156,4MMP,4-mercapto-4-methylpentan-2-one,0.9391352935
Bioeng_Bugs_2012_May_1_3(3)_147-156,4MMP,4-mercapto-4-methylpentan-2-one,0.9458851319
Environ_Health_Perspect_2004_Aug_1_112(12)_1236-1248,4MOT,4-modes-of-toxicity,0.943539301
Acta_Crystallogr_Sect_E_Struct_Rep_Online_2011_Oct_8_67(Pt_11)_o2869,4MPB,4-methylphenyl 4-methylbenzoate,0.9630031767
New_Phytol_2013_Jun_8_198(4)_1085-1095,4MSP,4-methylsulphinylbutyl,0.9928858573
Metabolites_2013_Jun_25_3(3)_517-538,4MTB,4-methylthiobutyl,0.9880568068
J_Exp_Bot_2013_Feb_16_64(4)_1097-1109,4MTB,4-methylthiobutyl glucosinolate,0.9111661874
J_Exp_Bot_2013_Nov_16_64(16)_4907-4921,4MTB,4-methylthiobutyl-glucosinolate,0.9604276465
J_Exp_Bot_2013_Nov_16_64(16)_4907-4921,4MTB,4-methylthiobutyl-glucosinolate,0.9544586635
Nat_Commun_2015_Feb_4_6_6095,4MTB,4-methylthiobutyl glucosinolate,0.9303786577
PLoS_One_2013_Jan_2_8(1)_e53232,4MTB,4-Methylthiobutyl glucosinolate,0.9880568068
Oecologia_2014_Jul_2_175(4)_1257-1266,4MTB,4-methylthiobutyl,0.9508774424
PLoS_One_2013_Mar_19_8(3)_e59661,4MTB,4-methylthiobutyl GLS,0.9928858573
PLoS_One_2014_Jun_10_9(6)_e99343,4MTB,4-methylthiobutyl glucosinolate,0.9880568068
PLoS_One_2014_Aug_25_9(8)_e104229,4MUB,4-methylumbelliferone,0.9105280637
BMC_Plant_Biol_2015_Feb_13_15_54,4MUC,4-methylumbelliferyl &#x003b2;-D-cellobioside,0.7734275324
Biotechnol_Biofuels_2012_Aug_28_5_63,4MUC,4-methylumbelliferyl-&#x003b2;-D-cellobioside,0.8076649189
J_Biol_Eng_2014_Aug_4_8_22,4MUC,4-methylumbelliferyl-&#x003b2;-D-cellobioside,0.8076649189
J_Biol_Eng_2014_Aug_4_8_22,4MUC,4-methylumbelliferyl-&#x003b2;-D-cellobioside,0.8046229548
J_Biol_Eng_2014_Aug_4_8_22,4MUC,4-methylumbelliferyl-&#x000df;-D-cellobioside,0.7734275324
Curr_Chem_Genomics_2011_Apr_8_5_13-20,4MUG,4-methylumbelliferyl glucuronide,0.9364136231
Curr_Chem_Genomics_2011_Apr_8_5_13-20,4MUG,4-methylumbelliferyl glucuronide,0.9344220904
Curr_Chem_Genomics_2011_Apr_8_5_13-20,4MUG,4-methylumbelliferyl glucuronide,0.9668842541
PLoS_One_2012_Jul_27_7(7)_e41516,4MUG,4-methyllumbelliferyl-2-acetamido-2-deoxy-&#x003b2;-Dglucopyranoside,0.8411710715
J_Biol_Chem_2008_Jul_18_283(29)_20117-20125,4MUS,4-methylumbelliferyl sulfate,0.8800599483
J_Infect_Dis_2012_Jul_15_206(2)_229-237,4N4K,4 nuclei and 4 kinetoplasts,0.7181691935
Chem_Cent_J_2014_May_6_8_31,4NBA,4-nitrobenzoic acid,0.9960087853
Chem_Cent_J_2014_May_6_8_31,4NBA,4-nitrobenzoic acid,0.9960087853
Chem_Res_Toxicol_2014_May_19_27(5)_818-833,4NBP,4-(4-nitrobenzyl)pyridine,0.5496727803
BMB_Rep_2014_Oct_47(10)_558-562,4NIA,4-nitroisatoic anhydride,0.9654593415
PLoS_One_2012_Jul_19_7(7)_e41309,4NPH,4-nitrophenylhydrazine,0.9548045856
BMC_Syst_Biol_2008_Jun_26_2_54,4NQO,4-nitroquinoline-N-oxide,0.966635916
Br_J_Cancer_1993_Nov_68(5)_838-844,4NQO,4-nitroquinoline 1-oxide,0.9399537783
BMC_Microbiol_2010_Feb_8_10_39,4NQO,4-nitroquinoline 1-oxide,0.9811648738
BMC_Complement_Altern_Med_2010_Sep_17_10_51,4NQO,4-nitroquinoline 1-oxide,0.7591301478
BMC_Complement_Altern_Med_2010_Sep_17_10_51,4NQO,4-nitroquinoline 1-oxide,0.8639707764
BMC_Complement_Altern_Med_2010_Sep_17_10_51,4NQO,4-nitroquinoline 1-oxide,0.8662573889
Aging_(Albany_NY)_2014_Jan_14_6(1)_70-81,4NQO,4-nitroquinoline-1-oxide,0.9023535632
BMC_Complement_Altern_Med_2014_Jul_1_14_215,4NQO,4-nitroquinoline X-oxide,0.9950794524
Br_J_Cancer_2013_Sep_3_109(5)_1325-1337,4NQO,4-nitroquinoline 1-oxide,0.6882823085
Br_J_Cancer_1977_May_35(5)_595-601,4NQO,4-nitroquinoline 1-oxide,0.8074159843
Br_J_Cancer_1987_Jun_55(6)_633-638,4NQO,4-nitroquinoline N-oxide,0.9837750407
Br_J_Cancer_1996_Mar_73(5)_573-580,4NQO,4-nitroquinoline 1-oxide,0.9193720506
Breast_Cancer_Res_2006_Nov_1_8(Suppl_2)_P13,4NQO,4-nitroquinoline 1-oxide,0.8671007608
BMC_Cancer_2007_Mar_5_7_40,4NQO,4-nitroquinoline-1-oxide,0.8560450618
BMC_Cancer_2007_Mar_5_7_40,4NQO,4-nitroquinoline 1-oxide,0.8632839274
BMC_Cancer_2006_Oct_3_6_235,4NQO,4-nitroquinoline 1-oxide,0.8750226087
Genet_Mol_Biol_2010_Sep_1_Jul-Sep_33(3)_542-548,4NQO,4-nitroquinoline-1-oxide,0.8757758159
Clin_Oral_Investig_2014_Nov_22_18(7)_1725-1730,4NQO,4-nitroquinoline-1-oxide,0.8603740591
Clin_Oral_Investig_2014_Nov_22_18(7)_1725-1730,4NQO,4-nitroquinoline 1-oxide,0.8651823228
Eur_J_Dent_2007_Jul_1(3)_152b-157,4NQO,4-nitroquinoline 1-oxide,0.7323138733
Eur_J_Dent_2007_Jul_1(3)_152b-157,4NQO,4-nitroquinoline 1-oxide,0.781630549
Eur_J_Dent_2007_Jul_1(3)_152b-157,4NQO,4-nitroquinoline 1-oxide,0.9448032963
Clin_Exp_Otorhinolaryngol_2009_Jun_27_2(2)_55-60,4NQO,4-nitroquinoline 1-oxide,0.9130863548
Food_Sci_Nutr_2013_Mar_7_1(2)_141-149,4NQO,4-nitroquinoline 1-oxide,0.7928867243
Dent_Res_J_(Isfahan)_2013_Mar-Apr_10(2)_247-253,4NQO,4-nitroquinoline 1-oxide,0.9448032963
Dent_Res_J_(Isfahan)_2013_Mar-Apr_10(2)_247-253,4NQO,4-nitroquinoline 1-oxide,0.8703258025
Genet_Mol_Biol_2011_Oct_1_Oct-Dec_34(4)_681-688,4NQO,4-nitro-quinoline-1-oxide,0.979829476
Genet_Mol_Biol_2011_Oct_1_Oct-Dec_34(4)_681-688,4NQO,4-nitroquinoline-1-oxide,0.979829476
Front_Microbiol_2014_Nov_13_5_592,4NQO,4-Nitroquinoline-1-Oxide,0.9793685313
Cells_2012_Oct_15_1(4)_799-831,4NQO,4-nitroquinoline-1-oxide,0.979829476
Cells_2012_Oct_15_1(4)_799-831,4NQO,4-nitroquinoline oxide,0.995332855
Microb_Cell_Fact_2012_Aug_25_11_114,4NQO,4-nitroquinoline-1-oxide,0.7788307144
Nucleic_Acids_Res_2012_Feb_5_40(3)_1077-1090,4NQO,4-nitroquinoline 1-oxide,0.7954385935
Nucleic_Acids_Res_2011_Apr_7_39(7)_2610-2623,4NQO,4&#x02013;nitroquinoline oxide,0.6939130745
Nucleic_Acids_Res_2014_Dec_1_42(21)_13174-13185,4NQO,4-Nitroquinoline 1-oxide,0.7952595146
Int_J_Mol_Sci_2014_Oct_17_15(10)_18725-18741,4NQO,4-nitroquinoline-1-oxide,0.7811846286
Nucleic_Acids_Res_2010_Mar_9_38(5)_1461-1477,4NQO,4-nitroquinoline-1-oxide,0.7811846286
J_Cell_Biol_2001_Apr_30_153(3)_613-620,4NQO,4-nitroquinoline 1-oxide,0.6787567643
J_Biomed_Opt_2013_Dec_20_18(12)_126017,4NQO,4-nitroquinoline 1-oxide,0.7946709429
J_Oncol_2012_May_16_2012_450179,4NQO,4-nitroquinoline-1-oxide,0.548677179
Nucleic_Acids_Res_2006_Jan_10_34(1)_120-129,4NQO,4-nitroquinoline-1-oxide,0.9534897088
J_Biomed_Biotechnol_2002_2(2)_46-54,4NQO,4-nitroquinoline-1-oxide,0.8746502516
J_Cell_Biol_1976_Sep_1_70(3)_685-691,4NQO,4-nitroquinoline-1-oxide,0.8603740591
Int_J_Oncol_2014_Mar_12_44(5)_1625-1633,4NQO,4-nitroquinoline 1-oxide,0.7954385935
J_Oral_Maxillofac_Res_2013_Apr_1_4(1)_e1,4NQO,4-nitroquinoline 1-oxide,0.9632240482
Mol_Vis_2008_May_19_14_964-969,4NQO,4-nitroquinoline-1-oxide,0.8759427157
Mol_Cell_2013_Nov_21_52(4)_566-573,4NQO,4-nitroquinoline 1-oxide,0.7953958663
Mol_Cell_2013_Nov_21_52(4)_566-573,4NQO,4-nitroquinoline 1-oxide,0.7276652459
J_Clin_Cell_Immunol_2014_Jun_27_5(3)_230,4NQO,4-nitroquinoline-1-oxide,0.844390182
J_Anal_Methods_Chem_2013_Oct_8_2013_710972,4NQO,4-nitroquinoline 1-oxide,0.7670008522
J_Anal_Methods_Chem_2013_Nov_24_2013_804504,4NQO,4-nitroquinoline 1-oxide,0.781747433
J_Mol_Histol_2009_Jun_14_40(3)_177-181,4NQO,4-nitroquinoline-1-oxide,0.8762073833
J_Mol_Histol_2009_Jun_14_40(3)_177-181,4NQO,4-nitroquinoline 1-oxide,0.8665370271
Nucleic_Acids_Res_2014_Jul_1_42(11)_7084-7095,4NQO,4-nitroquinoline 1-oxide,0.981450677
Nucleic_Acids_Res_2014_Sep_2_42(15)_9892-9907,4NQO,4-nitroquinoline 1-oxide,0.7954385935
J_Oral_Microbiol_2010_Dec_21_2_10_3402_jom_v2i0_5780,4NQO,4 nitroquinoline 1-oxide,0.5711773243
J_Toxicol_2013_Mar_11_2013_802453,4NQO,4-nitroquinoline oxide,0.9519671918
J_Toxicol_2013_Mar_11_2013_802453,4NQO,4-nitroquinoline oxide,0.942219258
Nature_2010_Sep_23_467(7314)_479-483,4NQO,4-nitroquinoline 1-oxide,0.9128416105
Nucleic_Acids_Res_2012_Sep_22_40(17)_8325-8335,4NQO,4-nitroquinoline 1-oxide,0.9691010348
J_Carcinog_2010_Nov_18_9_10,4NQO,4-nitroquinoline-N-oxide,0.9804159061
Mol_Biol_Cell_2014_Mar_1_25(5)_669-678,4NQO,4-nitroquinoline 1-oxide,0.8662573889
J_Dent_Res_Dent_Clin_Dent_Prospects_2013_Dec_18_Autumn_7(4)_218-224,4NQO,4-nitroquinoline-1-oxide,0.8439921154
Nucleic_Acids_Res_2009_Jul_11_37(12)_4157-4169,4NQO,4-nitroquinoline-1-oxide,0.8059945382
PLoS_Genet_2009_Oct_23_5(10)_e1000697,4NQO,4-nitroquinoline 1-oxide,0.9691010348
PLoS_ONE_2008_Nov_13_3(11)_e3717,4NQO,4-nitroquinoline 1-oxide,0.981450677
PLoS_One_2013_Sep_23_8(9)_e75056,4NQO,4-nitroquinoline-1-oxide,0.9057995525
PLoS_Biol_2014_Mar_4_12(3)_e1001803,4NQO,4-nitroquinoline-1-oxide,0.9664373922
PLoS_One_2014_Jul_30_9(7)_e103593,4NQO,4-nitroquinoline-1-oxide,0.9748796444
Oncol_Rep_2014_Jan_20_31(1)_3-12,4NQO,4-nitroquinoline 1-oxide,0.8834823602
Oncol_Rep_2014_Jan_20_31(1)_3-12,4NQO,4-nitroquinoline 1-oxide,0.8836175838
Oncotarget_2014_Jul_12_5(15)_6323-6337,4NQO,4-nitroquinoline-1-oxide,0.9795192151
PLoS_One_2013_Jan_23_8(1)_e54906,4NQO,4-nitroquinoline 1-oxide,0.8681507197
PLoS_One_2013_Dec_20_8(12)_e83800,4NQO,4-Nitro-Quinoline-1-Oxide,0.7811397434
PLoS_One_2011_Jun_22_6(6)_e21424,4NQO,4-nitroquinoline 1-oxide,0.9691010348
PLoS_One_2011_Jun_22_6(6)_e21424,4NQO,4-nitroquinoline 1-oxide,0.7849847331
Oncol_Lett_2015_Jan_15_9(1)_283-289,4NQO,4-nitroquinoline-1-oxide,0.8528831121
Oncol_Lett_2015_Jan_15_9(1)_283-289,4NQO,4-nitroquinoline-1-oxide,0.6523807028
PLoS_One_2012_Jun_4_7(6)_e38047,4NQO,4-nitroquinoline 1-oxide,0.9130863548
PLoS_One_2013_Dec_5_8(12)_e81371,4NQO,4-nitroquinoline oxide,0.9533031675
BMC_Genomics_2013_Oct_25_14_731,4OHT,4-hydroxy-tamoxifen,0.6999992014
Br_J_Cancer_1987_May_55(5)_509-512,4OHT,4-hydroxytamoxifen,0.5789385939
Development_2011_Nov_15_138(22)_4853-4865,4OHT,48 hours with 500 nM 4-hydroxy-tamoxifen,0.5456709489
EMBO_Mol_Med_2010_Jan_2(1)_16-25,4OHT,4-hydroxy-tamoxifen,0.6999992014
Front_Physiol_2013_Jun_20_4_147,4OHT,4-OH-tamoxifene,0.965064696
Curr_Med_Chem_2014_Feb_21_1129-1145,4OHT,4-Hydroxytamoxifene,0.5234570275
Dis_Model_Mech_2015_Jan_27_8(1)_45-56,4OHT,4-OH-tamoxifen,0.9445952688
Nat_Commun_2014_Nov_21_5_5383,4OHT,4-hydroxy tamoxifen,0.689285605
Nat_Immunol_2014_Sep_13_15(9)_884-893,4OHT,4-hydroxytamoxifen,0.6511162868
Nat_Cell_Biol_2013_Aug_16_15(8)_978-990,4OHT,4-hydroxytamoxifen,0.6511162868
Mol_Syst_Biol_2013_Jan_22_9_638,4OHT,4OH Tamoxifen,0.8992712981
Oncogene_2009_Mar_26_28(12)_1485-1495,4OHT,4-hydroxytamoxifen,0.6511162868
Oncotarget_2013_Jun_25_4(7)_995-1007,4OHT,4-OH-tamoxifen,0.9947485837
Oncogene_2013_Apr_4_32(14)_1794-1810,4OHT,4-hydroxytamoxifen,0.6511162868
Oncogene_2013_Apr_4_32(14)_1794-1810,4OHT,4-hydroxyl-tamoxifen,0.6511162868
PLoS_One_2012_Jan_25_7(1)_e30725,4OHT,4-hydroxytamoxifen,0.577541649
PLoS_One_2011_Mar_9_6(3)_e16501,4OHT,4-hydroxy-tamoxifen,0.6322222564
PLoS_ONE_2006_Dec_20_1(1)_e47,4OHT,4-OH tamoxifen,0.9431582132
Biochem_Res_Int_2011_Dec_20_2011_896474,4PBA,4-phenylbutyrate,0.9075929082
Front_Pharmacol_2012_Jul_17_3_137,4PBA,4-phenylbutyrate,0.9799537659
Diabetes_2014_Mar_13_63(3)_923-933,4PBA,4-phenyl butyric acid,0.9805550048
Diabetes_2014_Mar_13_63(3)_844-846,4PBA,4-phenyl butyric acid,0.961787271
PLoS_One_2013_Dec_3_8(12)_e81413,4PBA,4-phenyl-butyric acid,0.9732341877
Mol_Syst_Biol_2010_Nov_30_6_436,4PHT,4-phosphohydroxythreonine,0.9303786577
Mol_Syst_Biol_2010_Nov_30_6_436,4PHT,4-phosphohydroxythreonine,0.9226968051
BMC_Surg_2011_Sep_12_11_24,4PLC,4-port conventional laparoscopic cholecystectomy,0.9816712021
BMC_Surg_2011_Sep_12_11_24,4PLC,4-Port conventional laparoscopic cholecystectomy,0.9748401993
BMC_Surg_2011_Sep_12_11_24,4PLC,4-port laparoscopic cholecystectomy,0.9748664862
PLoS_One_2014_Jan_31_9(1)_e87336,4RCT,4-ref-cytotype,0.9108189885
J_Trop_Med_2011_Nov_1_2011_130976,4RIF,4-month Rifampin treatment,0.8854810461
PLoS_One_2011_Feb_28_6(2)_e16981,4ULM,4 uppercase-letter model,0.7781735103
Int_J_Med_Sci_2011_Jan_15_8(2)_88-96,5AIQ,5-aminoisoquinolinone,0.8731803921
Int_J_Med_Sci_2011_Jan_15_8(2)_88-96,5AIQ,5-aminoisoquinolinone,0.8731803921
BMC_Cancer_2015_Mar_25_15_174,5ALA,5-aminolevulinic acid,0.9745151208
Comput_Struct_Biotechnol_J_2012_Nov_30_2_e201209018,5EAS,5-epi-aristolocholene synthase,0.9786149429
PLoS_One_2014_Aug_20_9(8)_e105548,6PFK,6-phosphofructo-1-kinase,0.9816556045
PLoS_One_2014_Aug_20_9(8)_e105548,6PFK,6-phosphofructo-1-kinase,0.9803678236
PLoS_One_2014_Aug_20_9(8)_e105548,6PFK,6-phosphofructo-1-kinase,0.9803678236
